AssetID,Brand,ModelNumber,SerialNumber,Description,IsMissing,IsOOC,MaintenanceLogs,DepartmentCode,DefaultLocation,CurrentLocation
IPAD#01,Apple,IPAD,YVTP9HPX47,(10th Generation),False,False,2025/01/03	bnjm2000	2025/01/03 - Updated to iPadOS 18.2,AX,Store,
IPAD#02,Apple,IPAD,JX9KXKKPF4,(10th Generation),False,False,,AX,Store,
IPAD#03,Apple,IPAD,TFQYL2K0JW,(10th Generation),False,False,2025/01/03	bnjm2000	2025/01/03 - Updated to iPadOS 18.2,AX,Store,
AT8668#01,Audio Tecnica,AT8668,,Microphone Desk Stand,False,False,,AX,Store,
AT8668#02,Audio Tecnica,AT8668,,Microphone Desk Stand,False,False,,AX,Store,
AT8668#03,Audio Tecnica,AT8668,,Microphone Desk Stand,False,False,,AX,Store,
AT8668#04,Audio Tecnica,AT8668,,Microphone Desk Stand,False,False,,AX,Store,
AT8668#05,Audio Tecnica,AT8668,,Microphone Desk Stand,False,False,,AX,Store,
AT8668#06,Audio Tecnica,AT8668,,Microphone Desk Stand,False,False,,AX,Store,
AT8668#07,Audio Tecnica,AT8668,,Microphone Desk Stand,False,False,,AX,Store,
AT8668#08,Audio Tecnica,AT8668,,Microphone Desk Stand,False,False,,AX,Store,
AT8668#09,Audio Tecnica,AT8668,,Microphone Desk Stand,False,False,,AX,Store,
AT8668#10,Audio Tecnica,AT8668,,Microphone Desk Stand,False,False,,AX,Store,
4088#01,DPA,4088,,"Directional Headset, beige",False,False,,AX,Store,Store
4088#02,DPA,4088,,"Directional Headset, beige",False,False,,AX,Store,
4099#01,DPA,4099,19_00642EC3606,Instrument Microphone,False,False,,AX,Store,
4099#02,DPA,4099,,Instrument Microphone,False,False,,AX,Store,
4099#03,DPA,4099,,Instrument Microphone,False,False,,AX,Store,
4099#04,DPA,4099,,Instrument Microphone,False,False,,AX,Store,
4288#01,DPA,4288,,Directional Headset,False,False,,AX,Store,
4288#02,DPA,4288,,Directional Headset,False,False,,AX,Store,
4466#01,DPA,4466,C073762,"Omnidirectional Headset, beige",False,False,,AX,Store,
4466#02,DPA,4466,C074934,"Omnidirectional Headset, beige",False,False,,AX,Store,
4466#03,DPA,4466,C075186,"Omnidirectional Headset, beige",False,False,,AX,Store,
4466#04,DPA,4466,,"Omnidirectional Headset, beige",False,False,,AX,Store,
4466#05,DPA,4466,,"Omnidirectional Headset, beige",False,False,,AX,Store,
4466#06,DPA,4466,,"Omnidirectional Headset, beige",False,False,,AX,Store,
4466#07,DPA,4466,,"Omnidirectional Headset, beige",False,False,,AX,Store,
4466#08,DPA,4466,,"Omnidirectional Headset, beige",False,False,,AX,Store,
4488#01,DPA,4488,M069287,"Directional Headset, beige",False,False,,AX,Store,
4488#02,DPA,4488,M068571,"Directional Headset, beige",False,False,,AX,Store,
4488#03,DPA,4488,M069881,"Directional Headset, beige",False,False,,AX,Store,
4488#04,DPA,4488,M069448,"Directional Headset, beige",False,False,,AX,Store,
4488#05,DPA,4488,M071554,"Directional Headset, beige",False,False,,AX,Store,
4488#06,DPA,4488,M068245,"Directional Headset, beige",False,False,,AX,Store,
4488#07,DPA,4488,M069285,"Directional Headset, beige",False,False,,AX,Store,
4488#08,DPA,4488,M068376,"Directional Headset, beige",False,False,,AX,Store,
4488#09,DPA,4488,M070024,"Directional Headset, beige",False,False,,AX,Store,
4488#10,DPA,4488,M069545,"Directional Headset, beige",False,False,,AX,Store,
4488#11,DPA,4488,M069673,"Directional Headset, beige",False,False,,AX,Store,
4488#12,DPA,4488,,"Directional Headset, beige",False,False,,AX,Store,
6061#01,DPA,6061,R311927,Omni Submini Lavalier Microphone,False,False,,AX,Store,
6061#02,DPA,6061,R311977,Omni Submini Lavalier Microphone,False,False,,AX,Store,
6061#03,DPA,6061,R311988,Omni Submini Lavalier Microphone,False,False,,AX,Store,
6061#04,DPA,6061,R316442,Omni Submini Lavalier Microphone,False,False,,AX,Store,
6061#05,DPA,6061,R316445,Omni Submini Lavalier Microphone,False,False,,AX,Store,
6061#06,DPA,6061,R316447,Omni Submini Lavalier Microphone,False,False,,AX,Store,
6061#07,DPA,6061,R317526,Omni Submini Lavalier Microphone,False,False,,AX,Store,
6061#08,DPA,6061,R317528,Omni Submini Lavalier Microphone,False,False,,AX,Store,
6061#09,DPA,6061,R317530,Omni Submini Lavalier Microphone,False,False,,AX,Store,
6061#10,DPA,6061,R317531,Omni Submini Lavalier Microphone,False,False,,AX,Store,
6061#11,DPA,6061,R317534,Omni Submini Lavalier Microphone,False,False,,AX,Store,
6061#12,DPA,6061,R317535,Omni Submini Lavalier Microphone,False,False,,AX,Store,
4061#01,DPA,4061,R238770,Omni Submini Lavalier Microphone,False,False,,AX,Store,Store
4061#02,DPA,4061,R238785,Omni Submini Lavalier Microphone,False,False,,AX,Store,Store
DAD6010#01,DPA,DAD 6010,,MicroDot to TA4F Adapter,False,False,,AX,Store,
DAD6010#02,DPA,DAD 6010,,MicroDot to TA4F Adapter,False,False,,AX,Store,
DAD6010#03,DPA,DAD 6010,,MicroDot to TA4F Adapter,False,False,,AX,Store,
DAD6010#04,DPA,DAD 6010,,MicroDot to TA4F Adapter,False,False,,AX,Store,
DAD6010#05,DPA,DAD 6010,,MicroDot to TA4F Adapter,False,False,,AX,Store,
DAD6010#06,DPA,DAD 6010,,MicroDot to TA4F Adapter,False,False,,AX,Store,
DAD6010#07,DPA,DAD 6010,,MicroDot to TA4F Adapter,False,False,"2024/11/19	bnjm2000	2024/11/19 - Connection loose, audio dropout (SLMA @ Jia He )",AX,Store,
DAD6010#08,DPA,DAD 6010,,MicroDot to TA4F Adapter,False,False,,AX,Store,
DAD6010#09,DPA,DAD 6010,,MicroDot to TA4F Adapter,False,False,,AX,Store,
DAD6010#10,DPA,DAD 6010,,MicroDot to TA4F Adapter,False,False,,AX,Store,
DAD6010#11,DPA,DAD 6010,,MicroDot to TA4F Adapter,False,False,,AX,Store,
DAD6010#12,DPA,DAD 6010,,MicroDot to TA4F Adapter,False,False,,AX,Store,
DAD6010#13,DPA,DAD 6010,,MicroDot to TA4F Adapter,False,False,,AX,Store,
DAD6010#14,DPA,DAD 6010,,MicroDot to TA4F Adapter,False,False,,AX,Store,
DAD6010#15,DPA,DAD 6010,,MicroDot to TA4F Adapter,False,False,,AX,Store,
DAD6010#16,DPA,DAD 6010,,MicroDot to TA4F Adapter,False,False,,AX,Store,
DAD6010#17,DPA,DAD 6010,,MicroDot to TA4F Adapter,False,False,,AX,Store,
DAD6010#18,DPA,DAD 6010,,MicroDot to TA4F Adapter,False,False,,AX,Store,
DAD6010#19,DPA,DAD 6010,,MicroDot to TA4F Adapter,False,False,,AX,Store,
DAD6010#20,DPA,DAD 6010,,MicroDot to TA4F Adapter,False,False,,AX,Store,
DAD6010#21,DPA,DAD 6010,,MicroDot to TA4F Adapter,False,False,,AX,Store,
DAD6010#22,DPA,DAD 6010,,MicroDot to TA4F Adapter,False,False,,AX,Store,
EVOLVE50#01,EV,EVOLVE 50,405294781901280231,Portable column system,False,False,,AX,Store,
EVOLVE50#02,EV,EVOLVE 50,405294795501160390,Portable column system,False,False,,AX,Store,
EVOLVE50#03,EV,EVOLVE 50,405294795501160383,Portable column system,False,False,,AX,Store,
EVOLVE50#04,EV,EVOLVE 50,405294795501160374,Portable column system,False,False,,AX,Store,
EVOLVE50#05,EV,EVOLVE 50,405294795801150521,Portable column system,False,False,,AX,Store,Dry Hire: Variety Communications
EVOLVE50#06,EV,EVOLVE 50,405294795501160310,Portable column system,False,False,,AX,Store,Dry Hire: Variety Communications
HLBatt#01,Hollyland,HL-BAT700,23060502575,Solidcom C1 (Pro) Battery,False,False,,AX,Store,
HLBatt#02,Hollyland,HL-BAT700,23060502934,Solidcom C1 (Pro) Battery,False,False,,AX,Store,
HLBatt#03,Hollyland,HL-BAT700,23060502956,Solidcom C1 (Pro) Battery,False,False,,AX,Store,
HLBatt#04,Hollyland,HL-BAT700,23060503026,Solidcom C1 (Pro) Battery,False,False,,AX,Store,
HLBatt#05,Hollyland,HL-BAT700,23060503040,Solidcom C1 (Pro) Battery,False,False,,AX,Store,
HLBatt#06,Hollyland,HL-BAT700,23060507138,Solidcom C1 (Pro) Battery,False,False,,AX,Store,
HLBatt#07,Hollyland,HL-BAT700,23060509410,Solidcom C1 (Pro) Battery,False,False,,AX,Store,
HLBatt#08,Hollyland,HL-BAT700,23060906641,Solidcom C1 (Pro) Battery,False,False,,AX,Store,
HLBatt#09,Hollyland,HL-BAT700,23061200043,Solidcom C1 (Pro) Battery,False,False,,AX,Store,
HLBatt#10,Hollyland,HL-BAT700,23061200118,Solidcom C1 (Pro) Battery,False,False,,AX,Store,
HLBatt#11,Hollyland,HL-BAT700,23061200226,Solidcom C1 (Pro) Battery,False,False,,AX,Store,
HLBatt#12,Hollyland,HL-BAT700,23061200233,Solidcom C1 (Pro) Battery,False,False,,AX,Store,
HLBatt#13,Hollyland,HL-BAT700,23061206791,Solidcom C1 (Pro) Battery,False,False,,AX,Store,
HLBatt#14,Hollyland,HL-BAT700,23061206889,Solidcom C1 (Pro) Battery,False,False,,AX,Store,
HLBatt#15,Hollyland,HL-BAT700,23061207192,Solidcom C1 (Pro) Battery,False,False,,AX,Store,
HLBatt#16,Hollyland,HL-BAT700,23061207991,Solidcom C1 (Pro) Battery,False,False,,AX,Store,
C1ProCharger#01,Hollyland,Solidcom C1 (Pro) 8-Slot Battery Charging Case,0223350C C001989,8-Slot Battery Charging Case,False,False,,AX,Store,
C1ProHub#01,Hollyland,Solidcom C1 Pro Hub,0223350R C002984,,False,False,,AX,Store,
C1ProRHS#01,Hollyland,Solidcom C1 Pro Remote Headset,222322OTXC00784E,,False,False,,AX,Store,
C1ProRHS#02,Hollyland,Solidcom C1 Pro Remote Headset,2223220TXC008783,,False,False,,AX,Store,
C1ProRHS#03,Hollyland,Solidcom C1 Pro Remote Headset,2223220TXC007B64,,False,False,,AX,Store,
C1ProRHS#04,Hollyland,Solidcom C1 Pro Remote Headset,2223220TXC0082CF,,False,False,,AX,Store,
C1ProRHS#05,Hollyland,Solidcom C1 Pro Remote Headset,2223220TXC00800E,,False,False,,AX,Store,
C1ProRHS#06,Hollyland,Solidcom C1 Pro Remote Headset,2223220TXC00786C,,False,False,,AX,Store,
C1ProRHS#07,Hollyland,Solidcom C1 Pro Remote Headset,2223220TXC008667,,False,False,,AX,Store,
C1ProRHS#08,Hollyland,Solidcom C1 Pro Remote Headset,2223220TXC007AB4,,False,False,,AX,Store,
C1ProWHS#01,Hollyland,Solidcom C1 Pro Wired Headset for Hub,2223170XX0D0036E,,False,False,,AX,Store,
PCBB#01,Interspace Industries,PCBB3,,PC Balance Box,False,False,,AX,Store,
PCBB#02,Interspace Industries,PCBB3,,PC Balance Box,False,False,,AX,Store,
PCBB#03,Interspace Industries,PCBB3,,PC Balance Box,False,False,,AX,Store,
PCBB#04,Interspace Industries,PCBB3,,PC Balance Box,False,False,,AX,Store,
PCBB#05,Interspace Industries,PCBB3,,PC Balance Box,False,False,,AX,Store,
PCBB#06,Interspace Industries,PCBB3,,PC Balance Box,False,False,,AX,Store,
PCBB#07,Interspace Industries,PCBB3,,PC Balance Box,False,False,,AX,Store,
PCBB#08,Interspace Industries,PCBB3,,PC Balance Box,False,False,,AX,Store,
PCBB#09,Interspace Industries,PCBB3,,PC Balance Box,False,False,,AX,Store,
PCBB#10,Interspace Industries,PCBB3,,PC Balance Box,False,False,,AX,Store,
PCBB#11,Interspace Industries,PCBB3,,PC Balance Box,False,False,,AX,Store,
K&M ROD #01,K&M,21338-000-55,,Distance Rod with Hand Crank,False,False,,AX,Store,
K&M ROD #02,K&M,21338-000-55,,Distance Rod with Hand Crank,False,False,,AX,Store,
K&M ROD #03,K&M,21338-000-55,,Distance Rod with Hand Crank,False,False,,AX,Store,
K&M ROD #04,K&M,21338-000-55,,Distance Rod with Hand Crank,False,False,,AX,Store,
K&M ROD #05,K&M,214/06,,Distance Rod,False,False,,AX,Store,
K&M ROD #06,K&M,214/06,,Distance Rod,False,False,,AX,Store,
K&M ROD #07,K&M,214/06,,Distance Rod,False,False,,AX,Store,
K&M ACC #01,K&M,21441-000-55,,Adapter sleeve ring lock,False,False,,AX,Store,
K&M ACC #02,K&M,21441-000-55,,Adapter sleeve ring lock,False,False,,AX,Store,
K&M ACC #03,K&M,21441-000-55,,Adapter sleeve ring lock,False,False,,AX,Store,
K&M ACC #04,K&M,21441-000-55,,Adapter sleeve ring lock,False,False,,AX,Store,
5XTW#01,L-Acoustics,5XTW,260049603,"5"" passive coaxial enclosure, white",False,False,"2025/06/11	bnjm2000	[28/05/2025] Sent to Concept System for fixing, rubber gasket came out",AX,Store,
5XTW#02,L-Acoustics,5XTW,260049693,"5"" passive coaxial enclosure, white",False,False,"2025/06/11	bnjm2000	[28/05/2025] Sent to Concept System for fixing, rubber gasket came out",AX,Store,
5XTW#03,L-Acoustics,5XTW,260049589,"5"" passive coaxial enclosure, white",False,False,"2025/06/11	bnjm2000	[28/05/2025] Sent to Concept System for fixing, rubber gasket came out",AX,Store,
5XTW#04,L-Acoustics,5XTW,260049602,"5"" passive coaxial enclosure, white",False,False,"2025/06/11	bnjm2000	[28/05/2025] Sent to Concept System for fixing, rubber gasket came out",AX,Store,
5XTW#05,L-Acoustics,5XTW,260049587,"5"" passive coaxial enclosure, white",False,False,"2025/06/11	bnjm2000	[28/05/2025] Sent to Concept System for fixing, rubber gasket came out",AX,Store,
5XTW#06,L-Acoustics,5XTW,260049582,"5"" passive coaxial enclosure, white",False,False,"2025/06/11	bnjm2000	[28/05/2025] Sent to Concept System for fixing, rubber gasket came out",AX,Store,
5XTW#07,L-Acoustics,5XTW,260049584,"5"" passive coaxial enclosure, white",False,False,,AX,Store,
5XTW#08,L-Acoustics,5XTW,,"5"" passive coaxial enclosure, white",False,False,,AX,Store,Store
5XTW#09,L-Acoustics,5XTW,,"5"" passive coaxial enclosure, white",False,False,,AX,Store,
5XTW#10,L-Acoustics,5XTW,,"5"" passive coaxial enclosure, white",False,False,,AX,Store,
5XTW#11,L-Acoustics,5XTW,,"5"" passive coaxial enclosure, white",False,False,,AX,Store,
5XTW#12,L-Acoustics,5XTW,,"5"" passive coaxial enclosure, white",False,False,,AX,Store,
5XTW#13,L-Acoustics,5XTW,,"5"" passive coaxial enclosure, white",False,False,,AX,Store,
5XTW#14,L-Acoustics,5XTW,,"5"" passive coaxial enclosure, white",False,False,,AX,Store,
5XTW#15,L-Acoustics,5XTW,,"5"" passive coaxial enclosure, white",False,False,,AX,Store,
5XTW#16,L-Acoustics,5XTW,,"5"" passive coaxial enclosure, white",False,False,,AX,Store,
ETRW5#01,L-Acoustics,ETRW5,,Adjustable U-bracket: 5XTW,False,False,,AX,Store,
ETRW5#02,L-Acoustics,ETRW5,,Adjustable U-bracket: 5XTW,False,False,,AX,Store,
ETRW5#03,L-Acoustics,ETRW5,,Adjustable U-bracket: 5XTW,False,False,,AX,Store,
ETRW5#04,L-Acoustics,ETRW5,,Adjustable U-bracket: 5XTW,False,False,,AX,Store,
ETRW5#05,L-Acoustics,ETRW5,,Adjustable U-bracket: 5XTW,False,False,,AX,Store,
ETRW5#06,L-Acoustics,ETRW5,,Adjustable U-bracket: 5XTW,False,False,,AX,Store,
ETRW5#07,L-Acoustics,ETRW5,,Adjustable U-bracket: 5XTW,False,False,,AX,Store,
ETRW5#08,L-Acoustics,ETRW5,,Adjustable U-bracket: 5XTW,False,False,,AX,Store,
ETRW5#09,L-Acoustics,ETRW5,,Adjustable U-bracket: 5XTW,False,False,,AX,Store,
ETRW5#10,L-Acoustics,ETRW5,,Adjustable U-bracket: 5XTW,False,False,,AX,Store,
ETRW5#11,L-Acoustics,ETRW5,,Adjustable U-bracket: 5XTW,False,False,,AX,Store,
ETRW5#12,L-Acoustics,ETRW5,,Adjustable U-bracket: 5XTW,False,False,,AX,Store,
ETRW5#13,L-Acoustics,ETRW5,,Adjustable U-bracket: 5XTW,False,False,,AX,Store,
ETRW5#14,L-Acoustics,ETRW5,,Adjustable U-bracket: 5XTW,False,False,,AX,Store,
ETRW5#15,L-Acoustics,ETRW5,,Adjustable U-bracket: 5XTW,False,False,,AX,Store,
ETRW5#16,L-Acoustics,ETRW5,,Adjustable U-bracket: 5XTW,False,False,,AX,Store,
5XT#01,L-Acoustics,5XT,260044285,"5"" passive coaxial enclosure, black",False,False,,AX,Store,
5XT#02,L-Acoustics,5XT,260044506,"5"" passive coaxial enclosure, black",False,False,,AX,Store,
5XT#03,L-Acoustics,5XT,260044302,"5"" passive coaxial enclosure, black",False,False,,AX,Store,
5XT#04,L-Acoustics,5XT,260044318,"5"" passive coaxial enclosure, black",False,False,,AX,Store,
5XT#05,L-Acoustics,5XT,260044300,"5"" passive coaxial enclosure, black",False,False,,AX,Store,
5XT#06,L-Acoustics,5XT,260044304,"5"" passive coaxial enclosure, black",False,False,,AX,Store,
5XT#07,L-Acoustics,5XT,260044288,"5"" passive coaxial enclosure, black",False,False,,AX,Store,
5XT#08,L-Acoustics,5XT,260044265,"5"" passive coaxial enclosure, black",False,False,,AX,Store,
5XT#09,L-Acoustics,5XT,260044263,"5"" passive coaxial enclosure, black",False,False,,AX,Store,
5XT#10,L-Acoustics,5XT,260044264,"5"" passive coaxial enclosure, black",False,False,,AX,Store,
5XT#11,L-Acoustics,5XT,260038164,"5"" passive coaxial enclosure, black",False,False,,AX,Store,
5XT#12,L-Acoustics,5XT,260044306,"5"" passive coaxial enclosure, black",False,False,,AX,Store,
5XT#13,L-Acoustics,5XT,260046671,"5"" passive coaxial enclosure, black",False,False,"2025/06/11	bnjm2000	[28/05/2025] Sent to Concept System for fixing, rubber gasket came out",AX,Store,
5XT#14,L-Acoustics,5XT,,"5"" passive coaxial enclosure, black",False,False,,AX,Store,
5XT#15,L-Acoustics,5XT,,"5"" passive coaxial enclosure, black",False,False,,AX,Store,
5XT#16,L-Acoustics,5XT,,"5"" passive coaxial enclosure, black",False,False,,AX,Store,
ETR5#01,L-Acoustics,ETR5,440032643,Adjustable U-bracket: 5XT,False,False,,AX,Store,
ETR5#02,L-Acoustics,ETR5,440032585,Adjustable U-bracket: 5XT,False,False,,AX,Store,
ETR5#03,L-Acoustics,ETR5,440031851,Adjustable U-bracket: 5XT,False,False,,AX,Store,
ETR5#04,L-Acoustics,ETR5,440031349,Adjustable U-bracket: 5XT,False,False,,AX,Store,
ETR5#05,L-Acoustics,ETR5,440027215,Adjustable U-bracket: 5XT,False,False,,AX,Store,
ETR5#06,L-Acoustics,ETR5,440031793,Adjustable U-bracket: 5XT,False,False,,AX,Store,
ETR5#07,L-Acoustics,ETR5,440032609,Adjustable U-bracket: 5XT,False,False,,AX,Store,
ETR5#08,L-Acoustics,ETR5,440031388,Adjustable U-bracket: 5XT,False,False,,AX,Store,
ETR5#09,L-Acoustics,ETR5,440032582,Adjustable U-bracket: 5XT,False,False,,AX,Store,
ETR5#10,L-Acoustics,ETR5,440031356,Adjustable U-bracket: 5XT,False,False,,AX,Store,
ETR5#11,L-Acoustics,ETR5,440027236,Adjustable U-bracket: 5XT,False,False,,AX,Store,
ETR5#12,L-Acoustics,ETR5,440031849,Adjustable U-bracket: 5XT,False,False,,AX,Store,
ETR5#13,L-Acoustics,ETR5,,Adjustable U-bracket: 5XT,False,False,,AX,Store,
ETR5#14,L-Acoustics,ETR5,,Adjustable U-bracket: 5XT,False,False,,AX,Store,
ETR5#15,L-Acoustics,ETR5,,Adjustable U-bracket: 5XT,False,False,,AX,Store,
ETR5#16,L-Acoustics,ETR5,,Adjustable U-bracket: 5XT,False,False,,AX,Store,
LA4X#01,L-Acoustics,LA4X,1180053925,Amplified controller,False,False,,AX,Store,
LA4X#02,L-Acoustics,LA4X,1180051677,Amplified controller,False,False,,AX,Store,
LA4X#03,L-Acoustics,LA4X,,Amplified controller,False,False,,AX,Store,
LA4X#04,L-Acoustics,LA4X,,Amplified controller,False,False,,AX,Store,
LA4X#05,L-Acoustics,LA4X,1180053927,Amplified controller,False,False,,AX,Store,
LA4X#06,L-Acoustics,LA4X,1180051467,Amplified controller,False,False,,AX,Store,
LA4X#07,L-Acoustics,LA4X,1180053692,Amplified controller,False,False,,AX,Store,
LA4X#08,L-Acoustics,LA4X,1180051680,Amplified controller,False,False,,AX,Store,
LA4X#09,L-Acoustics,LA4X,1180053978,Amplified controller,False,False,,AX,Store,
LA4X#10,L-Acoustics,LA4X,1180053926,Amplified controller,False,False,,AX,Store,
LA12X#01,L-Acoustics,LA12X,1140035138,Amplified controller,False,False,,AX,Store,
LA12X#02,L-Acoustics,LA12X,1140037808,Amplified controller,False,False,,AX,Store,
LA12X#03,L-Acoustics,LA12X,1140037839,Amplified controller,False,False,,AX,Store,
LA12X#04,L-Acoustics,LA12X,1140037868,Amplified controller,False,False,,AX,Store,
LA12X#05,L-Acoustics,LA12X,1140037870,Amplified controller,False,False,,AX,Store,
LA12X#06,L-Acoustics,LA12X,1140037871,Amplified controller,False,False,,AX,Store,
LA12X#07,L-Acoustics,LA12X,1140039534,Amplified controller,False,False,,AX,Store,
LA12X#08,L-Acoustics,LA12X,1140039542,Amplified controller,False,False,,AX,Store,
KARAII#01,L-Acoustics,KARAII,2190019410,Long Throw Concert Sound Loudspeaker ,False,False,,AX,Store,
KARAII#02,L-Acoustics,KARAII,2190019417,Long Throw Concert Sound Loudspeaker ,False,False,,AX,Store,
KARAII#03,L-Acoustics,KARAII,2190019468,Long Throw Concert Sound Loudspeaker ,False,False,,AX,Store,
KARAII#04,L-Acoustics,KARAII,2190019475,Long Throw Concert Sound Loudspeaker ,False,False,,AX,Store,
KARAII#05,L-Acoustics,KARAII,2190019478,Long Throw Concert Sound Loudspeaker ,False,False,,AX,Store,
KARAII#06,L-Acoustics,KARAII,2190019486,Long Throw Concert Sound Loudspeaker ,False,False,,AX,Store,
KARAII#07,L-Acoustics,KARAII,2190019517,Long Throw Concert Sound Loudspeaker ,False,False,,AX,Store,
KARAII#08,L-Acoustics,KARAII,2190019528,Long Throw Concert Sound Loudspeaker ,False,False,,AX,Store,
KARAII#09,L-Acoustics,KARAII,2190019555,Long Throw Concert Sound Loudspeaker ,False,False,,AX,Store,
KARAII#10,L-Acoustics,KARAII,2190019559,Long Throw Concert Sound Loudspeaker ,False,False,,AX,Store,
KARAII#11,L-Acoustics,KARAII,2190019568,Long Throw Concert Sound Loudspeaker ,False,False,,AX,Store,
KARAII#12,L-Acoustics,KARAII,2190019607,Long Throw Concert Sound Loudspeaker ,False,False,,AX,Store,
KARAII#13,L-Acoustics,KARAII,2190019608,Long Throw Concert Sound Loudspeaker ,False,False,,AX,Store,
KARAII#14,L-Acoustics,KARAII,2190019609,Long Throw Concert Sound Loudspeaker ,False,False,,AX,Store,
KARAII#15,L-Acoustics,KARAII,2190019610,Long Throw Concert Sound Loudspeaker ,False,False,,AX,Store,
KARAII#16,L-Acoustics,KARAII,2190019620,Long Throw Concert Sound Loudspeaker ,False,False,,AX,Store,
KARAII#17,L-Acoustics,KARAII,,Long Throw Concert Sound Loudspeaker ,False,False,,AX,Store,
KARAII#18,L-Acoustics,KARAII,,Long Throw Concert Sound Loudspeaker ,False,False,,AX,Store,
KARAII#19,L-Acoustics,KARAII,,Long Throw Concert Sound Loudspeaker ,False,False,,AX,Store,
KARAII#20,L-Acoustics,KARAII,,Long Throw Concert Sound Loudspeaker ,False,False,,AX,Store,
KARAII#21,L-Acoustics,KARAII,,Long Throw Concert Sound Loudspeaker ,False,False,,AX,Store,
KARAII#22,L-Acoustics,KARAII,,Long Throw Concert Sound Loudspeaker ,False,False,,AX,Store,
KARAII#23,L-Acoustics,KARAII,,Long Throw Concert Sound Loudspeaker ,False,False,,AX,Store,
KARAII#24,L-Acoustics,KARAII,,Long Throw Concert Sound Loudspeaker ,False,False,,AX,Store,
SB18#01,L-Acoustics,SB18,780022929,"High power compact subwoofer: 1 x 18""",False,False,,AX,Store,
SB18#02,L-Acoustics,SB18,780022923,"High power compact subwoofer: 1 x 18""",False,False,,AX,Store,
SB18#03,L-Acoustics,SB18,,"High power compact subwoofer: 1 x 18""",False,False,,AX,Store,
SB18#04,L-Acoustics,SB18,,"High power compact subwoofer: 1 x 18""",False,False,,AX,Store,
SB18#05,L-Acoustics,SB18,,"High power compact subwoofer: 1 x 18""",False,False,,AX,Store,
SB18#06,L-Acoustics,SB18,,"High power compact subwoofer: 1 x 18""",False,False,,AX,Store,
SB18#07,L-Acoustics,SB18,,"High power compact subwoofer: 1 x 18""",False,False,,AX,Store,
SB18#08,L-Acoustics,SB18,,"High power compact subwoofer: 1 x 18""",False,False,,AX,Store,
SB18#09,L-Acoustics,SB18,780023835,"High power compact subwoofer: 1 x 18""",False,False,,AX,Store,
SB18#10,L-Acoustics,SB18,780023853,"High power compact subwoofer: 1 x 18""",False,False,,AX,Store,
SB18#11,L-Acoustics,SB18,780023871,"High power compact subwoofer: 1 x 18""",False,False,,AX,Store,
SB18#12,L-Acoustics,SB18,780023872,"High power compact subwoofer: 1 x 18""",False,False,,AX,Store,
LS10#01,L-Acoustics,LS10,1670010350,"10-port Ethernet AVB Switch, Avnu-certified",False,False,,AX,Store,
LS10#02,L-Acoustics,LS10,1670010355,"10-port Ethernet AVB Switch, Avnu-certified",False,False,,AX,Store,
LS10#03,L-Acoustics,LS10,1670010373,"10-port Ethernet AVB Switch, Avnu-certified",False,False,,AX,Store,
LS10#04,L-Acoustics,LS10,1670010374,"10-port Ethernet AVB Switch, Avnu-certified",False,False,,AX,Store,
LS10#05,L-Acoustics,LS10,1670010391,"10-port Ethernet AVB Switch, Avnu-certified",False,False,,AX,Store,
LS10#06,L-Acoustics,LS10,1670010429,"10-port Ethernet AVB Switch, Avnu-certified",False,False,,AX,Store,
MBUMP#01,L-Acoustics,M-BUMP,890009396,Bumper for flying or stacking KARA (II)/SB18,False,False,,AX,Store,
MBUMP#02,L-Acoustics,M-BUMP,890009399,Bumper for flying or stacking KARA (II)/SB18,False,False,,AX,Store,
MBUMP#03,L-Acoustics,M-BUMP,,Bumper for flying or stacking KARA (II)/SB18,False,False,,AX,Store,
MBUMP#04,L-Acoustics,M-BUMP,,Bumper for flying or stacking KARA (II)/SB18,False,False,,AX,Store,
MBAR#01,L-Acoustics,M-BAR,900009077,Extension bar for rigging frame,False,False,,AX,Store,
MBAR#02,L-Acoustics,M-BAR,900009092,Extension bar for rigging frame,False,False,,AX,Store,
MBAR#03,L-Acoustics,M-BAR,900009093,Extension bar for rigging frame,False,False,,AX,Store,
MBAR#04,L-Acoustics,M-BAR,900009095,Extension bar for rigging frame,False,False,,AX,Store,
MJACK#01,L-Acoustics,M-JACK,,,False,False,,AX,Store,
MJACK#02,L-Acoustics,M-JACK,,,False,False,,AX,Store,
P1#01,L-Acoustics,P1,1400004120,Digital audio processor and measurement platform: 20x 18 mic/line AES/EBU and AVB. CE version.,False,False,,AX,Store,
X-UL12#01,L-Acoustics,X-UL12,1210008838,Long U-bracket for X12,False,False,,AX,Store,
X-UL12#02,L-Acoustics,X-UL12,1210008583,Long U-bracket for X12,False,False,,AX,Store,
X-UL12#03,L-Acoustics,X-UL12,1210008859,Long U-bracket for X12,False,False,,AX,Store,
X-UL12#04,L-Acoustics,X-UL12,1210008591,Long U-bracket for X12,False,False,,AX,Store,
X-UL12#05,L-Acoustics,X-UL12,1210008336,Long U-bracket for X12,False,False,,AX,Store,
X-UL12#06,L-Acoustics,X-UL12,1210008580,Long U-bracket for X12,False,False,,AX,Store,
X-UL12#07,L-Acoustics,X-UL12,1210008586,Long U-bracket for X12,False,False,,AX,Store,
X-UL12#08,L-Acoustics,X-UL12,1210008836,Long U-bracket for X12,False,False,,AX,Store,
X-UL12#09,L-Acoustics,X-UL12,1210008589,Long U-bracket for X12,False,False,,AX,Store,
X-UL12#10,L-Acoustics,X-UL12,1210008834,Long U-bracket for X12,False,False,,AX,Store,
X-UL12#11,L-Acoustics,X-UL12,1210008832,Long U-bracket for X12,False,False,,AX,Store,
X-UL12#12,L-Acoustics,X-UL12,1210008837,Long U-bracket for X12,False,False,,AX,Store,
X-UL12#13,L-Acoustics,X-UL12,1210008839,Long U-bracket for X12,False,False,,AX,Store,
X-UL12#14,L-Acoustics,X-UL12,1210008587,Long U-bracket for X12,False,False,,AX,Store,
X-UL12#15,L-Acoustics,X-UL12,1210008588,Long U-bracket for X12,False,False,,AX,Store,
X-UL12#16,L-Acoustics,X-UL12,1210008840,Long U-bracket for X12,False,False,,AX,Store,
X-UL8#01,L-Acoustics,X-UL8,1270021091,Long U-bracket for X8,False,False,,AX,Store,
X-UL8#02,L-Acoustics,X-UL8,1270021095,Long U-bracket for X8,False,False,,AX,Store,
X-UL8#03,L-Acoustics,X-UL8,1270021089,Long U-bracket for X8,False,False,,AX,Store,
X-UL8#04,L-Acoustics,X-UL8,1270021072,Long U-bracket for X8,False,False,,AX,Store,
X-UL8#05,L-Acoustics,X-UL8,1270021090,Long U-bracket for X8,False,False,,AX,Store,
X-UL8#06,L-Acoustics,X-UL8,1270021088,Long U-bracket for X8,False,False,,AX,Store,
X-UL8#07,L-Acoustics,X-UL8,1270021069,Long U-bracket for X8,False,False,,AX,Store,
X-UL8#08,L-Acoustics,X-UL8,1270021191,Long U-bracket for X8,False,False,,AX,Store,
X-UL8#09,L-Acoustics,X-UL8,1270021190,Long U-bracket for X8,False,False,,AX,Store,
X-UL8#10,L-Acoustics,X-UL8,1270021182,Long U-bracket for X8,False,False,,AX,Store,
X-UL8#11,L-Acoustics,X-UL8,1270021074,Long U-bracket for X8,False,False,,AX,Store,
X-UL8#12,L-Acoustics,X-UL8,1270021092,Long U-bracket for X8,False,False,,AX,Store,
X-US1215#01,L-Acoustics,X-US1215,1220009824,Short U-bracket for X12 and X15 HiQ,False,False,,AX,Store,
X-US1215#02,L-Acoustics,X-US1215,1220009822,Short U-bracket for X12 and X15 HiQ,False,False,,AX,Store,
X-US1215#03,L-Acoustics,X-US1215,1220009830,Short U-bracket for X12 and X15 HiQ,False,False,,AX,Store,
X-US1215#04,L-Acoustics,X-US1215,1220010942,Short U-bracket for X12 and X15 HiQ,False,False,,AX,Store,
X-US1215#05,L-Acoustics,X-US1215,1220009146,Short U-bracket for X12 and X15 HiQ,False,False,,AX,Store,
X-US1215#06,L-Acoustics,X-US1215,1220011176,Short U-bracket for X12 and X15 HiQ,False,False,,AX,Store,
X-US1215#07,L-Acoustics,X-US1215,1220011139,Short U-bracket for X12 and X15 HiQ,False,False,,AX,Store,
X-US1215#08,L-Acoustics,X-US1215,1220011171,Short U-bracket for X12 and X15 HiQ,False,False,,AX,Store,
X-US1215#09,L-Acoustics,X-US1215,1220011175,Short U-bracket for X12 and X15 HiQ,False,False,,AX,Store,
X-US1215#10,L-Acoustics,X-US1215,1220011135,Short U-bracket for X12 and X15 HiQ,False,False,,AX,Store,
X-US1215#11,L-Acoustics,X-US1215,1220011137,Short U-bracket for X12 and X15 HiQ,False,False,,AX,Store,
X-US1215#12,L-Acoustics,X-US1215,1220011138,Short U-bracket for X12 and X15 HiQ,False,False,,AX,Store,
X-US1215#13,L-Acoustics,X-US1215,1220011170,Short U-bracket for X12 and X15 HiQ,False,False,,AX,Store,
X-US1215#14,L-Acoustics,X-US1215,1220011174,Short U-bracket for X12 and X15 HiQ,False,False,,AX,Store,
X-US1215#15,L-Acoustics,X-US1215,1220011136,Short U-bracket for X12 and X15 HiQ,False,False,,AX,Store,
X-US1215#16,L-Acoustics,X-US1215,1220011134,Short U-bracket for X12 and X15 HiQ,False,False,,AX,Store,
X-US8#01,L-Acoustics,X-US8,1280005636,Short U-bracket for X8,False,False,,AX,Store,
X-US8#02,L-Acoustics,X-US8,1280005529,Short U-bracket for X8,False,False,,AX,Store,
X-US8#03,L-Acoustics,X-US8,1280004181,Short U-bracket for X8,False,False,,AX,Store,
X-US8#04,L-Acoustics,X-US8,1280005721,Short U-bracket for X8,False,False,,AX,Store,
X-US8#05,L-Acoustics,X-US8,1280006799,Short U-bracket for X8,False,False,,AX,Store,
X-US8#06,L-Acoustics,X-US8,1280006795,Short U-bracket for X8,False,False,,AX,Store,
X-US8#07,L-Acoustics,X-US8,1280006772,Short U-bracket for X8,False,False,,AX,Store,
X-US8#08,L-Acoustics,X-US8,1280006797,Short U-bracket for X8,False,False,,AX,Store,
X-US8#09,L-Acoustics,X-US8,1280006779,Short U-bracket for X8,False,False,,AX,Store,
X-US8#10,L-Acoustics,X-US8,1280006796,Short U-bracket for X8,False,False,,AX,Store,
X-US8#11,L-Acoustics,X-US8,1280006778,Short U-bracket for X8,False,False,,AX,Store,
X-US8#12,L-Acoustics,X-US8,1280006794,Short U-bracket for X8,False,False,,AX,Store,
X12#01,L-Acoustics,X12,1190036040,"12"" passive coaxial enclosure",False,False,,AX,Store,
X12#02,L-Acoustics,X12,1190036008,"12"" passive coaxial enclosure",False,False,,AX,Store,
X12#03,L-Acoustics,X12,1190036012,"12"" passive coaxial enclosure",False,False,,AX,Store,
X12#04,L-Acoustics,X12,1190036015,"12"" passive coaxial enclosure",False,False,,AX,Store,
X12#05,L-Acoustics,X12,1190036041,"12"" passive coaxial enclosure",False,False,,AX,Store,
X12#06,L-Acoustics,X12,1190036022,"12"" passive coaxial enclosure",False,False,,AX,Store,
X12#07,L-Acoustics,X12,1190036011,"12"" passive coaxial enclosure",False,False,,AX,Store,
X12#08,L-Acoustics,X12,1190036013,"12"" passive coaxial enclosure",False,False,,AX,Store,
X12#09,L-Acoustics,X12,1190036014,"12"" passive coaxial enclosure",False,False,,AX,Store,
X12#10,L-Acoustics,X12,1190036007,"12"" passive coaxial enclosure",False,False,,AX,Store,
X12#11,L-Acoustics,X12,1190036043,"12"" passive coaxial enclosure",False,False,,AX,Store,
X12#12,L-Acoustics,X12,1190036023,"12"" passive coaxial enclosure",False,False,,AX,Store,
X12#13,L-Acoustics,X12,1190036038,"12"" passive coaxial enclosure",False,False,,AX,Store,
X12#14,L-Acoustics,X12,1190036010,"12"" passive coaxial enclosure",False,False,,AX,Store,
X12#15,L-Acoustics,X12,1190036006,"12"" passive coaxial enclosure",False,False,,AX,Store,
X12#16,L-Acoustics,X12,1190036044,"12"" passive coaxial enclosure",False,False,,AX,Store,
X8#01,L-Acoustics,X8,1260040515,"8"" passive coaxial enclosure",False,False,,AX,Store,
X8#02,L-Acoustics,X8,1260040532,"8"" passive coaxial enclosure",False,False,,AX,Store,
X8#03,L-Acoustics,X8,1260040522,"8"" passive coaxial enclosure",False,False,,AX,Store,
X8#04,L-Acoustics,X8,1260040685,"8"" passive coaxial enclosure",False,False,,AX,Store,
X8#05,L-Acoustics,X8,1260040530,"8"" passive coaxial enclosure",False,False,,AX,Store,
X8#06,L-Acoustics,X8,1260040525,"8"" passive coaxial enclosure",False,False,,AX,Store,
X8#07,L-Acoustics,X8,1260040518,"8"" passive coaxial enclosure",False,False,,AX,Store,
X8#08,L-Acoustics,X8,1260040523,"8"" passive coaxial enclosure",False,False,,AX,Store,
X8#09,L-Acoustics,X8,1260040538,"8"" passive coaxial enclosure",False,False,,AX,Store,
X8#10,L-Acoustics,X8,1260036022,"8"" passive coaxial enclosure",False,False,,AX,Store,
X8#11,L-Acoustics,X8,1260039906,"8"" passive coaxial enclosure",False,False,,AX,Store,
X8#12,L-Acoustics,X8,1260040512,"8"" passive coaxial enclosure",False,False,,AX,Store,
X8#13,L-Acoustics,X8,,"8"" passive coaxial enclosure",False,False,,AX,Store,
X8#14,L-Acoustics,X8,,"8"" passive coaxial enclosure",False,False,,AX,Store,
X8#15,L-Acoustics,X8,,"8"" passive coaxial enclosure",False,False,,AX,Store,
X8#16,L-Acoustics,X8,,"8"" passive coaxial enclosure",False,False,,AX,Store,
MR-90A#01,MiPro,MR-90,878292429A,Interlink receiver,False,False,2024/11/26	bnjm2000	2024/11/20 - Send to MiPro for testing|2024/11/26	bnjm2000	2024/11/26 - Collected back from MiPro after testing,AX,Store,
MR-90A#02,MiPro,MR-90,878292430A,Interlink receiver,False,False,2024/11/26	bnjm2000	2024/11/20 - Send to MiPro for testing|2024/11/26	bnjm2000	2024/11/26 - Collected back from MiPro after testing,AX,Store,
MR-90A#03,MiPro,MR-90,878292432A,Interlink receiver,False,False,"2024/11/11	bnjm2000	2024/11/01 - discovered no output (Dior @ ION Orchard (demo))|2024/11/11	bnjm2000	2024/11/11 - Handed over to MiPro for repair|2024/11/12	bnjm2000	2024/11/12 - repaired by MiPro|2024/11/13	bnjm2000	2024/11/13 - Collected back from MiPro|2024/11/26	bnjm2000	2024/11/20 - Send to MiPro for testing|2024/11/26	bnjm2000	2024/11/21 - Issue with RF B, sent to Taiwan for repair",AX,Store,
MR-90A#04,MiPro,MR-90,878292434A,Interlink receiver,False,False,"2024/11/11	bnjm2000	2024/11/05 - Low RF, AF cutting in and out (Dior @ ION Orchard)|2024/11/11	bnjm2000	2024/11/11 - Handed over to MiPro for repair|2024/11/12	bnjm2000	2024/11/12 - repaired by MiPro|2024/11/13	bnjm2000	2024/11/13 - Collected back from MiPro|2024/11/26	bnjm2000	2024/11/20 - Send to MiPro for testing|2024/11/26	bnjm2000	2024/11/26 - Collected back from MiPro after testing",AX,Store,
MR-90A#05,MiPro,MR-90,878292435A,Interlink receiver,False,False,"2024/11/11	bnjm2000	2024/10/29 - discovered no output (Hermes @ Takashimaya)|2024/11/11	bnjm2000	2024/11/11 - Handed over to MiPro for repair|2024/11/12	bnjm2000	2024/11/12 - repaired by MiPro|2024/11/13	bnjm2000	2024/11/13 - Collected back from MiPro|2024/11/26	bnjm2000	2024/11/20 - Send to MiPro for testing|2024/11/26	bnjm2000	2024/11/26 - Tested in MiPro office with RF Dropout, remain with MiPro for further testing/repair|2025/06/11	bnjm2000	[22/05/2025] 1 to 1 exchange with MiPro. Old SN:878292435A New SN:878292431A",AX,Store,
MR-90A#06,MiPro,MR-90,878292436A,Interlink receiver,False,False,2024/11/26	bnjm2000	2024/11/20 - Send to MiPro for testing|2024/11/26	bnjm2000	2024/11/26 - Collected back from MiPro after testing,AX,Store,
MT-90A#01,MiPro,MT-90A,858290901A,Interlink Transmitter,False,False,2024/11/26	bnjm2000	2024/11/20 - Send to MiPro for testing|2024/11/26	bnjm2000	2024/11/26 - Collected back from MiPro after testing,AX,Store,
MT-90A#02,MiPro,MT-90A,858290902A,Interlink Transmitter,False,False,2024/11/26	bnjm2000	2024/11/20 - Send to MiPro for testing|2024/11/26	bnjm2000	2024/11/26 - Collected back from MiPro after testing,AX,Store,
MT-90A#03,MiPro,MT-90A,858290899A,Interlink Transmitter,False,False,2024/11/26	bnjm2000	2024/11/20 - Send to MiPro for testing|2024/11/26	bnjm2000	2024/11/26 - changeed transmitter to same type ((Old S/N: 809264158A)|2024/11/26	bnjm2000	20224/11/16 - Changed transmitter to same type ((O(Old S/N: 809264158A)|2024/11/26	bnjm2000	2024/11/26 - Collected back from MiPro after testing,AX,Store,
MT-90A#04,MiPro,MT-90A,858290898A,Interlink Transmitter,False,False,2024/11/11	bnjm2000	2024/10/24 Handed over to MiPro for PSU testing|2024/11/13	bnjm2000	2024/11/13 - Collected back from MiPro|2024/11/26	bnjm2000	2024/11/20 - Send to MiPro for testing|2024/11/26	bnjm2000	2024/11/26 - Collected back from MiPro after testing,AX,Store,
GSM4212P#01,Netgear,GSM4212P,6VB52B51A0392,Managed Switch,False,False,,AX,Store,
GSM4212P#02,Netgear,GSM4212P,6VB52B5AA039B,Managed Switch,False,False,,AX,Store,
GSM4212P#03,Netgear,GSM4212P,6VB52B5CA03B9,Managed Switch,False,False,,AX,Store,
GSM4212P#04,Netgear,GSM4212P,6VB52B52A0393,Managed Switch,False,False,,AX,Store,
CDJ1000MK2#01,Pioneer,CDJ1000MKII,,Professional DJ multi player (Black),False,False,,AX,Store,
CDJ1000MK2#02,Pioneer,CDJ1000MKII,,Professional DJ multi player (Black),False,False,,AX,Store,
CDJ2000NXS#01,Pioneer,CDJ2000NXS,,Professional DJ multi player (Black),False,False,,AX,Store,
CDJ2000NXS#02,Pioneer,CDJ2000NXS,,Professional DJ multi player (Black),False,False,,AX,Store,
CDJ2000NXS2#01,Pioneer,CDJ2000NXS2,,Professional DJ multi player (Black),False,False,,AX,Store,
CDJ2000NXS2#02,Pioneer,CDJ2000NXS2,,Professional DJ multi player (Black),False,False,,AX,Store,
CDJ3000#01,Pioneer,CDJ3000,CDMP038151EH,Professional DJ multi player (Black),False,False,2024/11/11	bnjm2000	22/09/2024 - Buttons and jog wheel melted under sun (F1 @ ShowCo)|2024/11/11	bnjm2000	03/10/2024 - Received spare from ShowCo while repairs underway (S/N: BHMP026156EH),AX,Store,
CDJ3000#02,Pioneer,CDJ3000,CDMP038159EH,Professional DJ multi player (Black),False,False,2024/11/11	bnjm2000	22/09/2024 - Buttons and jog wheel melted under sun (F1 @ ShowCo)|2024/11/11	bnjm2000	03/10/2024 - Received spare from ShowCo while repairs underway (S/N: BHMP026170EH),AX,Store,
DJM900NXS#01,Pioneer,DJM-900NXS,,DJ Mixer,False,False,,AX,Store,
DJM900NXS2#01,Pioneer,DJM-900NXS2,,4-channel pro-DJ mixer,False,False,,AX,Store,
DJMA9#01,Pioneer,DJM-A9,,4-channel pro-DJ mixer,False,False,,AX,Store,
E904#01,Sennheiser,E904,,Dynamic cardioid instrument microphone,False,False,,AX,Store,
E904#02,Sennheiser,E904,,Dynamic cardioid instrument microphone,False,False,,AX,Store,
E904#03,Sennheiser,E904,,Dynamic cardioid instrument microphone,False,False,,AX,Store,
E904#04,Sennheiser,E904,,Dynamic cardioid instrument microphone,False,False,,AX,Store,
E906#01,Sennheiser,E906,,"super-cardioid, dynamic instrument microphone",False,False,,AX,Store,
E906#02,Sennheiser,E906,,"super-cardioid, dynamic instrument microphone",False,False,,AX,Store,
ME36#01,Sennheiser,ME36,,Gooseneck mic,False,False,,AX,Store,
ME36#02,Sennheiser,ME36,,Gooseneck mic,False,False,,AX,Store,
MKE2#01,Sennheiser,MKE2,086827,"Lavalier microphone, black",False,False,,AX,Store,
MKE2#02,Sennheiser,MKE2,086825,"Lavalier microphone, black",False,False,,AX,Store,
MKE2#03,Sennheiser,MKE2,,"Lavalier microphone, beige",False,False,,AX,Store,
MKE2#04,Sennheiser,MKE2,,"Lavalier microphone, beige",False,False,,AX,Store,
MKE2#05,Sennheiser,MKE2,,"Lavalier microphone, beige",False,False,,AX,Store,
MKE2#06,Sennheiser,MKE2,,"Lavalier microphone, beige",False,False,,AX,Store,
AD1#01,Shure,AD1,2BI13281704,Beltpack [G56],False,False,,AX,Store,
AD1#02,Shure,AD1,2CA26063354,Beltpack [G56],False,False,,AX,Store,
AD1#03,Shure,AD1,2CA26063431,Beltpack [G56],False,False,,AX,Store,
AD1#04,Shure,AD1,2CA26063455,Beltpack [G56],False,False,,AX,Store,
AD1#05,Shure,AD1,2CS26063556,Beltpack [G56],False,False,,AX,Store,
AD1#06,Shure,AD1,2SI13339508,Beltpack [G56],False,False,,AX,Store,
AD1#07,Shure,AD1,2SI13340955,Beltpack [G56],False,False,,AX,Store,
AD1#08,Shure,AD1,2SI13340979,Beltpack [G56],False,False,,AX,Store,
AD1#09,Shure,AD1,2SI13341033,Beltpack [G56],False,False,,AX,Store,
AD1#10,Shure,AD1,2SI13341095,Beltpack [G56],False,False,,AX,Store,
AD1#11,Shure,AD1,2SI13341122,Beltpack [G56],False,False,,AX,Store,
AD1#12,Shure,AD1,2SI13341463,Beltpack [G56],False,False,,AX,Store,
AD1#13,Shure,AD1,2SI13341552,Beltpack [G56],False,False,,AX,Store,
AD1#14,Shure,AD1,2SI25669222,Beltpack [G56],False,False,,AX,Store,
AD1#15,Shure,AD1,2SI25669246,Beltpack [G56],False,False,,AX,Store,
AD1#16,Shure,AD1,2SI25669599,Beltpack [G56],False,False,,AX,Store,
AD2#01,Shure,AD2,2SC0752114,Handheld Microphone [G56],False,False,,AX,Store,
AD2#02,Shure,AD2,2SD04117237,Handheld Microphone [G56],False,False,,AX,Store,
AD2#03,Shure,AD2,2CC22174166,Handheld Microphone [G56],False,False,,AX,Store,
AD2#04,Shure,AD2,2CC22174279,Handheld Microphone [G56],False,False,,AX,Store,
AD2#05,Shure,AD2,2SD04117263,Handheld Microphone [G56],False,False,,AX,Store,
AD2#06,Shure,AD2,2SD04117249,Handheld Microphone [G56],False,False,,AX,Store,
AD2#07,Shure,AD2,2SD04117504,Handheld Microphone [G56],False,False,,AX,Store,
AD2#08,Shure,AD2,2CC22174281,Handheld Microphone [G56],False,False,,AX,Store,
AD2#09,Shure,AD2,2CC22174116,Handheld Microphone [G56],False,False,,AX,Store,
AD2#10,Shure,AD2,2CC22174130,Handheld Microphone [G56],False,False,,AX,Store,
AD2#11,Shure,AD2,2SD04117302,Handheld Microphone [G56],False,False,,AX,Store,
AD2#12,Shure,AD2,2SC0752118,Handheld Microphone [G56],False,False,,AX,Store,
AD2#13,Shure,AD2,2CC22174217,Handheld Microphone [G56],False,False,,AX,Store,
AD2#14,Shure,AD2,2CC22173949,Handheld Microphone [G56],False,False,,AX,Store,
AD2#15,Shure,AD2,2CC22174180,Handheld Microphone [G56],False,False,,AX,Store,
AD2#16,Shure,AD2,2SC0752116,Handheld Microphone [G56],False,False,,AX,Store,
AD3#01,Shure,AD3,3CE17731585,Plug-on Transmitter,False,False,,AX,Store,
AD3#02,Shure,AD3,3CB24309820,Plug-on Transmitter,False,False,,AX,Store,
AD3#03,Shure,AD3,,Plug-on Transmitter,False,False,,AX,Store,
AD3#04,Shure,AD3,,Plug-on Transmitter,False,False,,AX,Store,
AD4D#01,Shure,AD4D,,Two-Channel Digital Wireless Receiver,False,False,,AX,Store,
AD4Q#01,Shure,AD4Q,,Four-Channel Digital Wireless Receiver,False,False,,AX,Store,
AD4Q#02,Shure,AD4Q,,Four-Channel Digital Wireless Receiver,False,False,,AX,Store,
AD4Q#03,Shure,AD4Q,,Four-Channel Digital Wireless Receiver,False,False,,AX,Store,
AD4Q#04,Shure,AD4Q,,Four-Channel Digital Wireless Receiver,False,False,,AX,Store,
P9R#01,Shure,P9R,,Bodypack Receiver [P7],False,False,,AX,Store,
P9R#02,Shure,P9R,,Bodypack Receiver [P7],False,False,,AX,Store,
P9R#03,Shure,P9R,,Bodypack Receiver [P7],False,False,,AX,Store,
P9RA#01,Shure,P9RA,,Bodypack Receiver [P7],False,False,,AX,Store,
P9RA#02,Shure,P9RA,,Bodypack Receiver [P7],False,False,,AX,Store,
P9RA#03,Shure,P9RA,,Bodypack Receiver [P7],False,False,,AX,Store,
P9RA#04,Shure,P9RA,,Bodypack Receiver [P7],False,False,,AX,Store,
P9T#01,Shure,P9T,,Wireless Transmitter,False,False,,AX,Store,
P9T#02,Shure,P9T,,Wireless Transmitter,False,False,,AX,Store,
P9T#03,Shure,P9T,,Wireless Transmitter,False,False,,AX,Store,
P9T#04,Shure,P9T,,Wireless Transmitter,False,False,,AX,Store,
P9T#05,Shure,P9T,3KD1452613-02,Wireless Transmitter,False,False,,AX,Store,
PA421A#01,Shure,PA421A,1112383 4407,4-Port Antenna Combiner,False,False,,AX,Store,
PA805SWB#01,Shure,PA805SWB,,Passive Directional Antenna,False,False,,AX,Store,
SM57#01,Shure,SM57,,dynamic instrument microphone,False,False,,AX,Store,
SM57#02,Shure,SM57,,dynamic instrument microphone,False,False,,AX,Store,
SM57#03,Shure,SM57,,dynamic instrument microphone,False,False,,AX,Store,
SM57#04,Shure,SM57,,dynamic instrument microphone,False,False,,AX,Store,
SM57#05,Shure,SM57,,dynamic instrument microphone,False,False,,AX,Store,
SM58#01,Shure,SM58,,dynamic vocal microphone,False,False,,AX,Store,
SM58#02,Shure,SM58,,dynamic vocal microphone,False,False,,AX,Store,
SM58#03,Shure,SM58,,dynamic vocal microphone,False,False,,AX,Store,
SM58#04,Shure,SM58,,dynamic vocal microphone,False,False,,AX,Store,
SM58#05,Shure,SM58,,dynamic vocal microphone,False,False,,AX,Store,
SM58#06,Shure,SM58,,dynamic vocal microphone,False,False,,AX,Store,
SM58#07,Shure,SM58,,dynamic vocal microphone,False,False,,AX,Store,
SM58#08,Shure,SM58,,dynamic vocal microphone,False,False,,AX,Store,
SM58#09,Shure,SM58,,dynamic vocal microphone,False,False,,AX,Store,
SM58#10,Shure,SM58,,dynamic vocal microphone,False,False,,AX,Store,
SM58S#01,Shure,SM58S,,cardioid dynamic w/ switch,False,False,,AX,Store,
SM58S#02,Shure,SM58S,,cardioid dynamic w/ switch,False,False,,AX,Store,
SM58S#03,Shure,SM58S,,cardioid dynamic w/ switch,False,False,,AX,Store,
SM58S#04,Shure,SM58S,,cardioid dynamic w/ switch,False,False,,AX,Store,
ULXD1#01,Shure,ULXD1,1ND2342330-01,Beltpack [L50],False,False,,AX,Store,
ULXD1#02,Shure,ULXD1,1ML0246448,Beltpack [L50],False,False,,AX,Store,
ULXD1#03,Shure,ULXD1,1NB0326366-01,Beltpack [L50],False,False,,AX,Store,
ULXD1#04,Shure,ULXD1,1ND2342613-01,Beltpack [L50],False,False,,AX,Store,
ULXD1#05,Shure,ULXD1,1ND23423459-01,Beltpack [L50],False,False,,AX,Store,
ULXD1#06,Shure,ULXD1,1ND2342323-01,Beltpack [L50],False,False,,AX,Store,
ULXD1#07,Shure,ULXD1,1ND2342445-01,Beltpack [L50],False,False,,AX,Store,
ULXD1#08,Shure,ULXD1,1ND2342622-01,Beltpack [L50],False,False,,AX,Store,
ULXD1#09,Shure,ULXD1,1ML0246482-01,Beltpack [L50],False,False,,AX,Store,
ULXD1#10,Shure,ULXD1,1ND2342618-01,Beltpack [L50],False,False,,AX,Store,
ULXD1#11,Shure,ULXD1,2QJ0777983,Beltpack [L50],False,False,,AX,Store,
ULXD1#12,Shure,ULXD1,,Beltpack [L50],False,False,,AX,Store,
ULXD1#13,Shure,ULXD1,3BI28076309,Beltpack [G52],False,False,,AX,Store,
ULXD1#14,Shure,ULXD1,3BI28074129,Beltpack [G52],False,False,,AX,Store,
ULXD1#15,Shure,ULXD1,3BI28076513,Beltpack [G52],False,False,,AX,Store,
ULXD1#16,Shure,ULXD1,3BI28076373,Beltpack [G52],False,False,,AX,Store,
ULXD1#17,Shure,ULXD1,3BI28076436,Beltpack [G52],False,False,,AX,Store,
ULXD1#18,Shure,ULXD1,3BI28078539,Beltpack [G52],False,False,,AX,Store,
ULXD2#01,Shure,ULXD2,2NK0071080-01,Handheld Microphone [L50],False,False,,AX,Store,
ULXD2#02,Shure,ULXD2,2PH3049605,Handheld Microphone [L50],False,False,,AX,Store,
ULXD2#03,Shure,ULXD2,2OB0659314-01,Handheld Microphone [L50],False,False,,AX,Store,
ULXD2#04,Shure,ULXD2,2PK2362933,Handheld Microphone [L50],False,False,,AX,Store,
ULXD2#05,Shure,ULXD2,20A1395239-01,Handheld Microphone [L50],False,False,,AX,Store,
ULXD2#06,Shure,ULXD2,2PK2362926,Handheld Microphone [L50],False,False,,AX,Store,
ULXD2#07,Shure,ULXD2,2QK2204370,Handheld Microphone [L50],False,False,,AX,Store,
ULXD2#08,Shure,ULXD2,2OB0659317-01,Handheld Microphone [L50],False,False,,AX,Store,
ULXD2#09,Shure,ULXD2,2NK0771081-01,Handheld Microphone [L50],False,False,,AX,Store,
ULXD2#10,Shure,ULXD2,2PK2362922,Handheld Microphone [L50],False,False,,AX,Store,
ULXD2#11,Shure,ULXD2,2RC0141727,Handheld Microphone [L50],False,False,,AX,Store,
ULXD2#12,Shure,ULXD2,2NK0771082-01,Handheld Microphone [L50],False,False,,AX,Store,
ULXD2#13,Shure,ULXD2,3CC16144846,Handheld Microphone [G52],False,False,,AX,Store,
ULXD2#14,Shure,ULXD2,3CC16144872,Handheld Microphone [G52],False,False,,AX,Store,
ULXD2#15,Shure,ULXD2,3CC16145063,Handheld Microphone [G52],False,False,,AX,Store,
ULXD2#16,Shure,ULXD2,3CC16145013,Handheld Microphone [G52],False,False,,AX,Store,
ULXD2#17,Shure,ULXD2,3CC16145099,Handheld Microphone [G52],False,False,,AX,Store,
ULXD2#18,Shure,ULXD2,3CC16145049,Handheld Microphone [G52],False,False,,AX,Store,
ULXD4D#01,Shure,ULXD4D,4141682622,Dual Channel Receiver [L50],False,False,,AX,Store,
ULXD4D#02,Shure,ULXD4D,4141064861,Dual Channel Receiver [L50],False,False,,AX,Store,
ULXD4D#03,Shure,ULXD4D,4160634860,Dual Channel Receiver [L50],False,False,,AX,Store,
ULXD4D#04,Shure,ULXD4D,4160634873,Dual Channel Receiver [L50],False,False,,AX,Store,
ULXD4D#05,Shure,ULXD4D,,Dual Channel Receiver [G52],False,False,,AX,Store,
ULXD4D#06,Shure,ULXD4D,,Dual Channel Receiver [G52],False,False,,AX,Store,
ULXD4Q#01,Shure,ULXD4Q,4150560725,Quad Channel Receiver [L50],False,False,,AX,Store,
ULXD4Q#02,Shure,ULXD4Q,,Quad Channel Receiver [G52],False,False,,AX,Store,
ULXD4Q#03,Shure,ULXD4Q,,Quad Channel Receiver [G52],False,False,,AX,Store,
WL184#01,Shure,WL184,,supercardioid condenser lavalier microphone,False,False,,AX,Store,
WL184#02,Shure,WL184,,supercardioid condenser lavalier microphone,False,False,,AX,Store,
WL184#03,Shure,WL184,,supercardioid condenser lavalier microphone,False,False,,AX,Store,
WL184#04,Shure,WL184,,supercardioid condenser lavalier microphone,False,False,,AX,Store,
WL184#05,Shure,WL184,,supercardioid condenser lavalier microphone,False,False,,AX,Store,
WL184#06,Shure,WL184,,supercardioid condenser lavalier microphone,False,False,,AX,Store,
TALENTCELL#01,TalentCell,YB1208300-USB,20240527001,Lithuim ion battery pack,False,False,,AX,Store,
TALENTCELL#02,TalentCell,YB1208300-USB,20240527002,Lithuim ion battery pack,False,False,,AX,Store,
TALENTCELL#03,TalentCell,YB1208300-USB,20240527003,Lithuim ion battery pack,False,False,,AX,Store,
TALENTCELL#04,TalentCell,YB1208300-USB,20240527004,Lithuim ion battery pack,False,False,,AX,Store,
TALENTCELL#05,TalentCell,YB1208300-USB,20240527005,Lithuim ion battery pack,False,False,,AX,Store,
TALENTCELL#06,TalentCell,YB1208300-USB,20240527006,Lithuim ion battery pack,False,False,,AX,Store,
TALENTCELL#07,TalentCell,YB1208300-USB,20240527007,Lithuim ion battery pack,False,False,,AX,Store,
TALENTCELL#08,TalentCell,YB1208300-USB,20240527008,Lithuim ion battery pack,False,False,,AX,Store,
IP1000#01,Turbosound,IP1000,S231100118DCW,Powered Column Loudspeaker,False,False,,AX,Store,tets
IP1000#02,Turbosound,IP1000,S231100129DCW,Powered Column Loudspeaker,False,False,,AX,Store,
IP1000#03,Turbosound,IP1000,S211200024DCW,Powered Column Loudspeaker,False,False,,AX,Store,
IP1000#04,Turbosound,IP1000,S231100119DCW,Powered Column Loudspeaker,False,False,,AX,Store,
IP1000#05,Turbosound,IP1000,S211200022DCW,Powered Column Loudspeaker,False,False,,AX,Store,
IP1000#06,Turbosound,IP1000,S231100120DCW,Powered Column Loudspeaker,False,False,,AX,Store,
IP1000#07,Turbosound,IP1000,S231100118DCW,Powered Column Loudspeaker,False,False,,AX,Store,
IP1000#08,Turbosound,IP1000,S231100125DCW,Powered Column Loudspeaker,False,False,,AX,Store,
K&M STAND #01,K&M,214/6,,Aluminium Speaker Stand,False,False,,AX,Store,
VERSA STAND #01,Versa,,,Light duty Speaker stand,False,False,,AX,Store,
VERSA STAND #02,Versa,,,Light duty Speaker stand,False,False,,AX,Store,
VERSA STAND #03,Versa,,,Light duty Speaker stand,False,False,,AX,Store,
VERSA STAND #04,Versa,,,Light duty Speaker stand,False,False,,AX,Store,
VERSA STAND #05,Versa,,,Light duty Speaker stand,False,False,,AX,Store,
VERSA STAND #06,Versa,,,Light duty Speaker stand,False,False,,AX,Store,
UE STAND #01,Ultimate Support,TS-100B,,Air-powered speaker stand,False,False,,AX,Store,
UE STAND #02,Ultimate Support,TS-100B,,Air-powered speaker stand,False,False,,AX,Store,
UE STAND #03,Ultimate Support,TS-100B,,Air-powered speaker stand,False,False,,AX,Store,
UE STAND #04,Ultimate Support,TS-100B,,Air-powered speaker stand,False,False,,AX,Store,
UE STAND #05,Ultimate Support,TS-100B,,Air-powered speaker stand,False,False,,AX,Store,
UE STAND #06,Ultimate Support,TS-100B,,Air-powered speaker stand,False,False,,AX,Store,
UE STAND #07,Ultimate Support,TS-100B,,Air-powered speaker stand,False,False,,AX,Store,
UE STAND #08,Ultimate Support,TS-100B,,Air-powered speaker stand,False,False,,AX,Store,
WARWICK STAND #01,Warwick,RS28400B,,Hand Crank Speaker Stand,False,False,,AX,Store,
WARWICK STAND #02,Warwick,RS28400B,,Hand Crank Speaker Stand,False,False,,AX,Store,
CL5#01,Yamaha,CL5,WTASK01015,Digital Mixer,False,False,"2024/11/11	bnjm2000	2024/09/12 - sent to Yamaha for servicing|2024/11/11	bnjm2000	2024/10/22 - Replaced sliding faders 1-8, 9-16, CL 7,8 (report no. 481878) $1148.57|2024/11/11	bnjm2000	2024/11/07 - Collected from Yamaha|2025/01/20	bnjm2000	2025/01/17 - Sent to Yamaha for service (Dante module error)",AX,Store,
DM3#01,Yamaha,DM3,BGDK01029,Digital Mixer,False,False,2024/11/11	bnjm2000	04/09/24 - Reported cannot power on from Niche|2024/11/11	bnjm2000	12/09/24 - sent to Yamaha for servicing|2024/11/11	bnjm2000	24/10/24 - Replaced PCB (report no. PA842034) $586.84|2024/11/11	bnjm2000	07/11/24 - Colelcted from Yamaha,AX,Store,
DM3#02,Yamaha,DM3,BGDI01076,Digital Mixer,False,False,,AX,Store,
DM7 #01,Yamaha,DM7,21EGEI01036,Digital Mixer,False,False,,AX,Store,
DXR10#01,Yamaha,DXR10,,"Active 10"" Speaker",False,False,,AX,Store,
DXR10#02,Yamaha,DXR10,,"Active 10"" Speaker",False,False,,AX,Store,
DXR10#03,Yamaha,DXR10,,"Active 10"" Speaker",False,False,,AX,Store,
DXR10#04,Yamaha,DXR10,,"Active 10"" Speaker",False,False,,AX,Store,
DXR12#01,Yamaha,DXR12,EETK01327,"Active 12"" Speaker",False,False,2024/11/11	bnjm2000	26/07/23 - repaired|2024/11/11	bnjm2000	05/08/23 - dropped from ledge (Siong Leng Musical Association @ Thian Hock Keng Temple)|2024/11/11	bnjm2000	12/09/24 - sent to Yamaha for servicing|2024/11/11	bnjm2000	22/10/24 - repaired (replaced fan) (report no. 481877) $153.62|2024/11/11	bnjm2000	07/11/24 - Collected from Yamaha|2025/01/03	bnjm2000	2024/12/31 - Sent back to Yamaha for servicing|2025/01/03	bnjm2000	2025/01/10 - Collected from Yamaha,AX,Store,Yamaha Service Center
DXR12#02,Yamaha,DXR12,,"Active 12"" Speaker",False,False,,AX,Store,
DXR12#03,Yamaha,DXR12,,"Active 12"" Speaker",False,False,,AX,Store,
DXR12#04,Yamaha,DXR12,,"Active 12"" Speaker",False,False,,AX,Store,
DXR12#05,Yamaha,DXR12,,"Active 12"" Speaker",False,False,,AX,Store,
DXR12#06,Yamaha,DXR12,,"Active 12"" Speaker",False,False,,AX,Store,
MG06#01,Yamaha,MG06,,6-Channel Analog Mixing Console with FX,False,False,,AX,Store,
MG12XU#01,Yamaha,MG12XU,,12-Channel Analog Mixing Console with FX,False,False,,AX,Store,
MG12XU#02,Yamaha,MG12XU,,12-Channel Analog Mixing Console with FX,False,False,,AX,Store,
MG10#01,Yamaha,MG10,,10-Channel Analogue Mixer,False,False,,AX,Store,
MG124CX#01,Yamaha,MG124CX,,12-Input Stereo Mixer with Compression and Effects,False,False,,AX,Store,
MG124CX#02,Yamaha,MG124CX,,12-Input Stereo Mixer with Compression and Effects,False,False,,AX,Store,
QL1#01,Yamaha,QL1,WTAUM01016,Digital Mixer,False,False,,AX,Store,
QL1#02,Yamaha,QL1,EAXP01044,Digital Mixer,False,False,,AX,Store,
QL5#01,Yamaha,QL5,,Digital Mixer,False,False,,AX,Store,
RIO1608-D #01,Yamaha,Rio1608-d,,High Performance I/O Rack,False,False,2024/11/13	bnjm2000	2024/11/13 - Updated firmware version to v5.80,AX,Store,
RIO1608-D2 #01,Yamaha,Rio1608-d2,EEYP01258,High Performance I/O Rack,False,False,2024/11/13	bnjm2000	2024/11/13 - Updated firmware version to v1.85,AX,Store,
RIO3224-D #01,Yamaha,Rio3224-d,,High Performance I/O Rack,False,False,2024/11/13	bnjm2000	2024/11/13 - Updated firmware to v5.80,AX,Store,
RIO3224-D #02,Yamaha,Rio3224-d,,High Performance I/O Rack,False,False,2024/11/13	bnjm2000	2024/11/13 - Updated firmware to v5.80,AX,Store,
RIO3224-D2 #01,Yamaha,Rio3224-d2,EEDX01062,High Performance I/O Rack,False,False,2024/11/13	bnjm2000	2024/11/13 - Updated firmware to v1.85,AX,Store,
SB900#01,Shure,SB900,,Rechargeable Battery,False,False,,AX,Store,
SB900#02,Shure,SB900,,Rechargeable Battery,False,False,,AX,Store,
SB900#03,Shure,SB900,,Rechargeable Battery,False,False,,AX,Store,
SB900#04,Shure,SB900,,Rechargeable Battery,False,False,,AX,Store,
SB900#05,Shure,SB900,,Rechargeable Battery,False,False,,AX,Store,
SB900#06,Shure,SB900,,Rechargeable Battery,False,False,,AX,Store,
SB900#07,Shure,SB900,,Rechargeable Battery,False,False,,AX,Store,
SB900#08,Shure,SB900,,Rechargeable Battery,False,False,,AX,Store,
SB900#09,Shure,SB900,,Rechargeable Battery,False,False,,AX,Store,
SB900#10,Shure,SB900,,Rechargeable Battery,False,False,,AX,Store,
FURMAN#01,FURMAN,M-10LX E,,Power Conditioner and distributor,False,False,,AX,Store,
FURMAN#02,FURMAN,M-10LX E,,Power Conditioner and distributor,False,False,,AX,Store,
FURMAN#03,FURMAN,M-10LX E,,Power Conditioner and distributor,False,False,,AX,Store,
FURMAN#04,FURMAN,M-10LX E,,Power Conditioner and distributor,False,False,,AX,Store,
UA845UWB#01,Shure,UA845UWB,,Antenna and power distributor,False,False,,AX,Store,
UA845#01,Shure,UA845,,UHF Antenna Distribution System,False,False,,AX,Store,
COMPACTXT#01,GrandMA3,Compact XT,1542000000-101464,Console,False,False,,LX,Store 1,tets
MA2PCWING#01,GrandMA2,PCWing,,Console,False,False,,LX,Store 1,
PEARLl2010#01,Avolites,Pearl 2010,,Console,False,False,,LX,Store 2,
TIGERTOUCH2#01,Avolites,Tiger Touch 2,,Console,False,False,,LX,Store 1,
QUARTZ#01,Avolites,Quartz,QTZHS23122602C,Console,False,False,,LX,Store 1,
QUARTZ#02,Avolites,Quartz,QTZHS23122701C,Console,False,False,,LX,Store 1,
ESPRITE#01,Robe,ESPRITE,,Profile LED,False,False,,LX,Store 2,
ESPRITE#02,Robe,ESPRITE,,Profile LED,False,False,,LX,Store 2,
ESPRITE#03,Robe,ESPRITE,,Profile LED,False,False,,LX,Store 2,
ESPRITE#04,Robe,ESPRITE,,Profile LED,False,False,,LX,Store 2,
ESPRITE#05,Robe,ESPRITE,,Profile LED,False,False,,LX,Store 2,
ESPRITE#06,Robe,ESPRITE,,Profile LED,False,False,,LX,Store 2,
ESPRITE#07,Robe,ESPRITE,,Profile LED,False,False,,LX,Store 2,
ESPRITE#08,Robe,ESPRITE,,Profile LED,False,False,,LX,Store 2,
ESPRITE#09,Robe,ESPRITE,,Profile LED,False,False,,LX,Store 2,
ESPRITE#10,Robe,ESPRITE,,Profile LED,False,False,,LX,Store 2,
ESPRITE#11,Robe,ESPRITE,,Profile LED,False,False,,LX,Store 2,
ESPRITE#12,Robe,ESPRITE,,Profile LED,False,False,,LX,Store 2,
ESPRITE#13,Robe,ESPRITE,,Profile LED,False,False,,LX,Store 2,
ESPRITE#14,Robe,ESPRITE,,Profile LED,False,False,,LX,Store 2,
ESPRITE#15,Robe,ESPRITE,,Profile LED,False,False,,LX,Store 2,
ESPRITE#16,Robe,ESPRITE,,Profile LED,False,False,,LX,Store 2,
ESPRITE#17,Robe,ESPRITE,,Profile LED,False,False,,LX,Store 2,
ESPRITE#18,Robe,ESPRITE,,Profile LED,False,False,,LX,Store 2,
ESPRITE#19,Robe,ESPRITE,,Profile LED,False,False,,LX,Store 2,
ESPRITE#20,Robe,ESPRITE,,Profile LED,False,False,,LX,Store 2,
ESPRITE#21,Robe,ESPRITE,,Profile LED,False,False,,LX,Store 2,
ESPRITE#22,Robe,ESPRITE,,Profile LED,False,False,,LX,Store 2,
ESPRITE#23,Robe,ESPRITE,,Profile LED,False,False,,LX,Store 2,
ESPRITE#24,Robe,ESPRITE,,Profile LED,False,False,,LX,Store 2,
LEDBEAM#01,Robe,Robin LEDBeam 350 Wash,2300840058,Wash LED,False,False,,LX,Store 1,
LEDBEAM#02,Robe,Robin LEDBeam 350 Wash,2300840052,Wash LED,False,False,,LX,Store 1,
LEDBEAM#03,Robe,Robin LEDBeam 350 Wash,2300840055,Wash LED,False,False,,LX,Store 1,
LEDBEAM#04,Robe,Robin LEDBeam 350 Wash,2300877279,Wash LED,False,False,,LX,Store 1,
LEDBEAM#05,Robe,Robin LEDBeam 350 Wash,2300877292,Wash LED,False,False,,LX,Store 1,
LEDBEAM#06,Robe,Robin LEDBeam 350 Wash,2300840057,Wash LED,False,False,,LX,Store 1,
LEDBEAM#07,Robe,Robin LEDBeam 350 Wash,2300840405,Wash LED,False,False,,LX,Store 1,
LEDBEAM#08,Robe,Robin LEDBeam 350 Wash,2300840053,Wash LED,False,False,,LX,Store 1,
LEDBEAM#09,Robe,Robin LEDBeam 350 Wash,2300840065,Wash LED,False,False,,LX,Store 1,
LEDBEAM#10,Robe,Robin LEDBeam 350 Wash,2300840399,Wash LED,False,False,,LX,Store 1,
LEDBEAM#11,Robe,Robin LEDBeam 350 Wash,2300840404,Wash LED,False,False,,LX,Store 1,
LEDBEAM#12,Robe,Robin LEDBeam 350 Wash,2300840401,Wash LED,False,False,,LX,Store 1,
LEDBEAM#13,Robe,Robin LEDBeam 350 Wash,2300840396,Wash LED,False,False,,LX,Store 1,
LEDBEAM#14,Robe,Robin LEDBeam 350 Wash,2300840051,Wash LED,False,False,,LX,Store 1,
LEDBEAM#15,Robe,Robin LEDBeam 350 Wash,2300877277,Wash LED,False,False,,LX,Store 1,
LEDBEAM#16,Robe,Robin LEDBeam 350 Wash,2300877284,Wash LED,False,False,,LX,Store 1,
LEDBEAM#17,Robe,Robin LEDBeam 350 Wash,2300877283,Wash LED,False,False,,LX,Store 1,
LEDBEAM#18,Robe,Robin LEDBeam 350 Wash,2300877278,Wash LED,False,False,,LX,Store 1,
LEDBEAM#19,Robe,Robin LEDBeam 350 Wash,2300840054,Wash LED,False,False,,LX,Store 1,
LEDBEAM#20,Robe,Robin LEDBeam 350 Wash,2300877265,Wash LED,False,False,,LX,Store 1,
LEDBEAM#21,Robe,Robin LEDBeam 350 Wash,2300840400,Wash LED,False,False,,LX,Store 1,
LEDBEAM#22,Robe,Robin LEDBeam 350 Wash,2300840398,Wash LED,False,False,,LX,Store 1,
LEDBEAM#23,Robe,Robin LEDBeam 350 Wash,2300077264,Wash LED,False,False,,LX,Store 1,
LEDBEAM#24,Robe,Robin LEDBeam 350 Wash,2300840397,Wash LED,False,False,,LX,Store 1,
DIABLOTC#01,Ayrton,Diablo (W.DMX),DB2935040,Profile LED,False,False,,LX,Store 1,
DIABLOTC#02,Ayrton,Diablo (W.DMX),DB2935047,Profile LED,False,False,,LX,Store 1,
DIABLOTC#03,Ayrton,Diablo (W.DMX),DB2935098,Profile LED,False,False,,LX,Store 1,
DIABLOTC#04,Ayrton,Diablo (W.DMX),DB2935016,Profile LED,False,False,,LX,Store 1,
DIABLOTC#05,Ayrton,Diablo (W.DMX),DB2953048,Profile LED,False,False,,LX,Store 1,
DIABLOTC#06,Ayrton,Diablo (W.DMX),DB2935001,Profile LED,False,False,,LX,Store 1,
DIABLOTC#07,Ayrton,Diablo (W.DMX),DB2935033,Profile LED,False,False,,LX,Store 1,
DIABLOTC#08,Ayrton,Diablo (W.DMX),DB2935002,Profile LED,False,False,,LX,Store 1,
DIABLOTC#09,Ayrton,Diablo (W.DMX),DB2935036,Profile LED,False,False,,LX,Store 1,
DIABLOTC#10,Ayrton,Diablo (W.DMX),DB2935057,Profile LED,False,False,,LX,Store 1,
DIABLOTC#11,Ayrton,Diablo (W.DMX),,Profile LED,False,False,,LX,Store 1,
DIABLOTC#12,Ayrton,Diablo (W.DMX),DB2935019,Profile LED,False,False,,LX,Store 1,
DIABLOTC#13,Ayrton,Diablo Profile,DB5309007,Profile LED,False,False,,LX,Store 1,
DIABLOTC#14,Ayrton,Diablo Profile,DB5309023,Profile LED,False,False,,LX,Store 1,
DIABLOTC#15,Ayrton,Diablo Profile,DB5309005,Profile LED,False,False,,LX,Store 1,
DIABLOTC#16,Ayrton,Diablo Profile,DB5309027,Profile LED,False,False,,LX,Store 1,
DIABLOTC#17,Ayrton,Diablo Profile,DB5309010,Profile LED,False,False,,LX,Store 1,
DIABLOTC#18,Ayrton,Diablo Profile,DB5309016,Profile LED,False,False,,LX,Store 1,
DIABLOTC#19,Ayrton,Diablo Profile,DB5309034,Profile LED,False,False,,LX,Store 1,
DIABLOTC#20,Ayrton,Diablo Profile,DB5309017,Profile LED,False,False,,LX,Store 1,
DIABLOTC#21,Ayrton,Diablo Profile,DB5309028,Profile LED,False,False,,LX,Store 1,
DIABLOTC#22,Ayrton,Diablo Profile,DB5309015,Profile LED,False,False,,LX,Store 1,
DIABLOTC#23,Ayrton,Diablo Profile,DB5309008,Profile LED,False,False,,LX,Store 1,
DIABLOTC#24,Ayrton,Diablo Profile,DB5309042,Profile LED,False,False,,LX,Store 1,
PB#01,Astera,Pixel Brick ,047-0312660,Batt LED Uplighters,False,False,2024/12/05	feezahmnsr	2024/12/04 - Full Maintenance By TSM,LX,Store 1,
PB#02,Astera,Pixel Brick ,047-0312797,Batt LED Uplighters,False,False,2024/12/05	feezahmnsr	2024/12/04 - Full Maintenance By TSM,LX,Store 1,
PB#03,Astera,Pixel Brick ,047-0312711,Batt LED Uplighters,False,False,2024/12/05	feezahmnsr	2024/12/04 - Full Maintenance By TSM,LX,Store 1,
PB#04,Astera,Pixel Brick ,047-0312670,Batt LED Uplighters,False,False,2024/12/05	feezahmnsr	2024/12/04 - Full Maintenance By TSM,LX,Store 1,
PB#05,Astera,Pixel Brick ,047-0312685,Batt LED Uplighters,False,False,2024/12/05	feezahmnsr	2024/12/04 - Full Maintenance By TSM,LX,Store 1,
PB#06,Astera,Pixel Brick ,047-0312648,Batt LED Uplighters,False,False,2024/12/05	feezahmnsr	2024/12/04 - Full Maintenance By TSM,LX,Store 1,
PB#07,Astera,Pixel Brick ,047-0312686,Batt LED Uplighters,False,False,2024/12/05	feezahmnsr	2024/12/04 - Full Maintenance By TSM,LX,Store 1,
PB#08,Astera,Pixel Brick ,047-0313538,Batt LED Uplighters,False,False,2024/12/05	feezahmnsr	2024/12/04 - Full Maintenance By TSM,LX,Store 1,
PB#09,Astera,Pixel Brick ,047-0311934,Batt LED Uplighters,False,False,2024/12/05	feezahmnsr	2024/12/04 - Full Maintenance By TSM,LX,Store 1,
PB#10,Astera,Pixel Brick ,047-0312696,Batt LED Uplighters,False,False,2024/12/05	feezahmnsr	2024/12/04 - Full Maintenance By TSM,LX,Store 1,
PB#11,Astera,Pixel Brick ,047-0313634,Batt LED Uplighters,False,False,2024/12/05	feezahmnsr	2024/12/04 - Full Maintenance By TSM,LX,Store 1,
PB#12,Astera,Pixel Brick ,047-0312725,Batt LED Uplighters,False,False,2024/12/05	feezahmnsr	2024/12/04 - Full Maintenance By TSM,LX,Store 1,
PB#13,Astera,Pixel Brick ,047-0312683,Batt LED Uplighters,False,False,2024/12/05	feezahmnsr	2024/12/04 - Full Maintenance By TSM,LX,Store 1,
PB#14,Astera,Pixel Brick ,047-0312682,Batt LED Uplighters,False,False,2024/12/05	feezahmnsr	2024/12/04 - Full Maintenance By TSM,LX,Store 1,
PB#15,Astera,Pixel Brick ,047-0312734,Batt LED Uplighters,False,False,"2024/12/05	feezahmnsr	2024/12/04 - Full Maintenance By TSM|2025/06/11	bnjm2000	[28/05/2025] Collected back from TSM, fixed screen",LX,Store 1,
PB#16,Astera,Pixel Brick ,047-0313677,Batt LED Uplighters,False,False,2024/12/05	feezahmnsr	2024/12/04 - Full Maintenance By TSM,LX,Store 1,
PB#17,Astera,Pixel Brick ,047-0312751,Batt LED Uplighters,False,False,2024/12/05	feezahmnsr	2024/12/04 - Full Maintenance By TSM,LX,Store 1,
PB#18,Astera,Pixel Brick ,047-0308769,Batt LED Uplighters,False,False,2024/12/05	feezahmnsr	2024/12/04 - Full Maintenance By TSM,LX,Store 1,
PB#19,Astera,Pixel Brick ,047-0312729,Batt LED Uplighters,False,False,2024/12/05	feezahmnsr	2024/12/04 - Full Maintenance By TSM,LX,Store 1,
PB#20,Astera,Pixel Brick ,047-0313505,Batt LED Uplighters,False,False,2024/12/05	feezahmnsr	2024/12/04 - Full Maintenance By TSM,LX,Store 1,
PB#21,Astera,Pixel Brick ,047-0313675,Batt LED Uplighters,False,False,2024/12/05	feezahmnsr	2024/12/04 - Full Maintenance By TSM,LX,Store 1,
PB#22,Astera,Pixel Brick ,047-0312619,Batt LED Uplighters,False,False,2024/12/05	feezahmnsr	2024/12/04 - Full Maintenance By TSM,LX,Store 1,
PB#23,Astera,Pixel Brick ,047-0315708,Batt LED Uplighters,False,False,2024/12/05	feezahmnsr	2024/12/04 - Full Maintenance By TSM,LX,Store 1,
PB#24,Astera,Pixel Brick ,047-0312564,Batt LED Uplighters,False,False,2024/12/05	feezahmnsr	2024/12/04 - Full Maintenance By TSM,LX,Store 1,
PB#25,Astera,Pixel Brick ,047-0313626,Batt LED Uplighters,False,False,2024/12/05	feezahmnsr	2024/12/04 - Full Maintenance By TSM,LX,Store 1,
PB#26,Astera,Pixel Brick ,047-0310053,Batt LED Uplighters,False,False,2024/12/05	feezahmnsr	2024/12/04 - Full Maintenance By TSM,LX,Store 1,
PB#27,Astera,Pixel Brick ,047-0312635,Batt LED Uplighters,False,False,2024/12/05	feezahmnsr	2024/12/04 - Full Maintenance By TSM,LX,Store 1,
PB#28,Astera,Pixel Brick ,047-0313638,Batt LED Uplighters,False,False,2024/12/05	feezahmnsr	2024/12/04 - Full Maintenance By TSM,LX,Store 1,
PB#29,Astera,Pixel Brick ,047-0313596,Batt LED Uplighters,False,False,2024/12/05	feezahmnsr	2024/12/04 - Full Maintenance By TSM,LX,Store 1,
PB#30,Astera,Pixel Brick ,047-0313383,Batt LED Uplighters,False,False,2024/12/05	feezahmnsr	2024/12/04 - Full Maintenance By TSM,LX,Store 1,
PB#31,Astera,Pixel Brick ,047-0315560,Batt LED Uplighters,False,False,2024/12/05	feezahmnsr	2024/12/04 - Full Maintenance By TSM,LX,Store 1,
PB#32,Astera,Pixel Brick ,047-0313519,Batt LED Uplighters,False,False,2024/12/05	feezahmnsr	2024/12/04 - Full Maintenance By TSM,LX,Store 1,
PB#33,Astera,Pixel Brick ,047-0312748,Batt LED Uplighters,False,False,2024/12/05	feezahmnsr	2024/12/04 - Full Maintenance By TSM,LX,Store 1,
PB#34,Astera,Pixel Brick ,047-0308768,Batt LED Uplighters,False,False,2024/12/05	feezahmnsr	2024/12/04 - Full Maintenance By TSM,LX,Store 1,
PB#35,Astera,Pixel Brick ,047-0312772,Batt LED Uplighters,False,False,2024/12/05	feezahmnsr	2024/12/04 - Full Maintenance By TSM,LX,Store 1,
PB#36,Astera,Pixel Brick ,047-0312668,Batt LED Uplighters,False,False,2024/12/05	feezahmnsr	2024/12/04 - Full Maintenance By TSM,LX,Store 1,
PB#37,Astera,Pixel Brick ,047-0313949,Batt LED Uplighters,False,False,2024/12/05	feezahmnsr	2024/12/04 - Full Maintenance By TSM,LX,Store 1,
PB#38,Astera,Pixel Brick ,047-0313663,Batt LED Uplighters,False,False,2024/12/05	feezahmnsr	2024/12/04 - Full Maintenance By TSM,LX,Store 1,
PB#39,Astera,Pixel Brick ,047-0312708,Batt LED Uplighters,False,False,2024/12/05	feezahmnsr	2024/12/04 - Full Maintenance By TSM,LX,Store 1,
PB#40,Astera,Pixel Brick ,047-0316706,Batt LED Uplighters,False,False,2024/12/05	feezahmnsr	2024/12/04 - Full Maintenance By TSM,LX,Store 1,
PB#41,Astera,Pixel Brick ,047-0308759,Batt LED Uplighters,False,False,2024/12/05	feezahmnsr	2024/12/04 - Full Maintenance By TSM,LX,Store 1,
PB#42,Astera,Pixel Brick ,047-0313840,Batt LED Uplighters,False,False,"2024/12/05	feezahmnsr	2024/12/04 - Full Maintenance By TSM|2025/06/11	bnjm2000	[02/05/2025] Handed over to TSM for repair, spoilt screen",LX,Store 1,TSM
PB#43,Astera,Pixel Brick ,047-0313412,Batt LED Uplighters,False,False,2024/12/05	feezahmnsr	2024/12/04 - Full Maintenance By TSM,LX,Store 1,
PB#44,Astera,Pixel Brick ,047-0313874,Batt LED Uplighters,False,False,2024/12/05	feezahmnsr	2024/12/04 - Full Maintenance By TSM,LX,Store 1,
PB#45,Astera,Pixel Brick ,047-0312073,Batt LED Uplighters,False,False,2024/12/05	feezahmnsr	2024/12/04 - Full Maintenance By TSM,LX,Store 1,
PB#46,Astera,Pixel Brick ,047-0311942,Batt LED Uplighters,False,False,2024/12/05	feezahmnsr	2024/12/04 - Full Maintenance By TSM,LX,Store 1,
PB#47,Astera,Pixel Brick ,047-0312764,Batt LED Uplighters,False,False,2024/12/05	feezahmnsr	2024/12/04 - Full Maintenance By TSM,LX,Store 1,
PB#48,Astera,Pixel Brick ,047-0313867,Batt LED Uplighters,False,False,2024/12/05	feezahmnsr	2024/12/04 - Full Maintenance By TSM,LX,Store 1,
PB#49,Astera,Pixel Brick ,047-0312714,Batt LED Uplighters,False,False,"2024/12/05	feezahmnsr	2024/12/04 - Full Maintenance By TSM|2025/06/11	bnjm2000	[28/05/2025] Collected back from TSM, fixed screen",LX,Store 1,
PB#50,Astera,Pixel Brick ,047-0313681,Batt LED Uplighters,False,False,2024/12/05	feezahmnsr	2024/12/04 - Full Maintenance By TSM,LX,Store 1,
PB#51,Astera,Pixel Brick ,047-0312716,Batt LED Uplighters,False,False,2024/12/05	feezahmnsr	2024/12/04 - Full Maintenance By TSM,LX,Store 1,
PB#52,Astera,Pixel Brick ,047-0312631,Batt LED Uplighters,False,False,2024/12/05	feezahmnsr	2024/12/04 - Full Maintenance By TSM,LX,Store 1,
PB#53,Astera,Pixel Brick ,047-0312617,Batt LED Uplighters,False,False,2024/12/05	feezahmnsr	2024/12/04 - Full Maintenance By TSM,LX,Store 1,
PB#54,Astera,Pixel Brick ,047-0308765,Batt LED Uplighters,False,False,2024/12/05	feezahmnsr	2024/12/04 - Full Maintenance By TSM,LX,Store 1,
PB#55,Astera,Pixel Brick ,047-0313557,Batt LED Uplighters,False,False,2024/12/05	feezahmnsr	2024/12/04 - Full Maintenance By TSM,LX,Store 1,
PB#56,Astera,Pixel Brick ,047-0312739,Batt LED Uplighters,False,False,2024/12/05	feezahmnsr	2024/12/04 - Full Maintenance By TSM,LX,Store 1,
PB#57,Astera,Pixel Brick ,047-0313057,Batt LED Uplighters,False,False,2024/12/05	feezahmnsr	2024/12/04 - Full Maintenance By TSM,LX,Store 1,
PB#58,Astera,Pixel Brick ,047-0313547,Batt LED Uplighters,False,False,2024/12/05	feezahmnsr	2024/12/04 - Full Maintenance By TSM,LX,Store 1,
PB#59,Astera,Pixel Brick ,047-0313940,Batt LED Uplighters,False,False,2024/12/05	feezahmnsr	2024/12/04 - Full Maintenance By TSM,LX,Store 1,
PB#60,Astera,Pixel Brick ,047-0312649,Batt LED Uplighters,False,False,2024/12/05	feezahmnsr	2024/12/04 - Full Maintenance By TSM,LX,Store 1,
PB#61,Astera,Pixel Brick ,047-0312594,Batt LED Uplighters,False,False,2024/12/05	feezahmnsr	2024/12/04 - Full Maintenance By TSM,LX,Store 1,
PB#62,Astera,Pixel Brick ,047-0312735,Batt LED Uplighters,False,False,2024/12/05	feezahmnsr	2024/12/04 - Full Maintenance By TSM,LX,Store 1,
PB#63,Astera,Pixel Brick ,047-0312678,Batt LED Uplighters,False,False,2024/12/05	feezahmnsr	2024/12/04 - Full Maintenance By TSM,LX,Store 1,
PB#64,Astera,Pixel Brick ,047-0312730,Batt LED Uplighters,False,False,2024/12/05	feezahmnsr	2024/12/04 - Full Maintenance By TSM,LX,Store 1,
CAMEO#01,Cameo,Unicon Remote Control,CK01900822,DMX/RDM Controller,False,False,,LX,Store 1,
ECLIPSE#01,Silver Star,Eclipse 1000 RGBAL SS847XAL,MO18112100400034,,False,False,,LX,Store 1,
ECLIPSE#02,Silver Star,Eclipse 1000 RGBAL SS847XAL,MO18112100400039,,False,False,,LX,Store 1,
ECLIPSE#03,Silver Star,Eclipse 1000 RGBAL SS847XAL,MO18112100400030,,False,False,,LX,Store 1,
ECLIPSE#04,Silver Star,Eclipse 1000 RGBAL SS847XAL,MO18112100400005,,False,False,,LX,Store 1,
ECLIPSE#05,Silver Star,Eclipse 1000 RGBAL SS847XAL,MO18112100400026,,False,False,,LX,Store 1,
ECLIPSE#06,Silver Star,Eclipse 1000 RGBAL SS847XAL,MO18112100400016,,False,False,,LX,Store 1,
ECLIPSE#07,Silver Star,Eclipse 1000 RGBAL SS847XAL,MO18112139400432,,False,False,,LX,Store 1,
ECLIPSE#08,Silver Star,Eclipse 1000 RGBAL SS847XAL,MO18112100400013,,False,False,,LX,Store 1,
ECLIPSE#09,Silver Star,Eclipse 1000 RGBAL SS847XAL,MO18112100400029,,False,False,,LX,Store 1,
ECLIPSE#10,Silver Star,Eclipse 1000 RGBAL SS847XAL,MO18112100400027,,False,False,,LX,Store 1,
ECLIPSE#11,Silver Star,Eclipse 1000 RGBAL SS847XAL,MO18112100400006,,False,False,,LX,Store 1,
ECLIPSE#12,Silver Star,Eclipse 1000 RGBAL SS847XAL,MO18112100400023,,False,False,,LX,Store 1,
ECLIPSE#13,Silver Star,Eclipse 1000 RGBAL SS847XAL,MO18112100400012,,False,False,,LX,Store 1,
ECLIPSE#14,Silver Star,Eclipse 1000 RGBAL SS847XAL,MO18112100400033,,False,False,,LX,Store 1,
ECLIPSE#15,Silver Star,Eclipse 1000 RGBAL SS847XAL,MO18112100400028,,False,False,,LX,Store 1,
ECLIPSE#16,Silver Star,Eclipse 1000 RGBAL SS847XAL,MO18112100400036,,False,False,,LX,Store 1,
ECLIPSE#17,Silver Star,Eclipse 1000 RGBAL SS847XAL,MO18112100400010,,False,False,,LX,Store 2,
ECLIPSE#18,Silver Star,Eclipse 1000 RGBAL SS847XAL,MO18112100400001,,False,False,,LX,Store 2,
ECLIPSE#19,Silver Star,Eclipse 1000 RGBAL SS847XAL,MO18112100400004,,False,False,,LX,Store 2,
ECLIPSE#20,Silver Star,Eclipse 1000 RGBAL SS847XAL,MO18112100400009,,False,False,,LX,Store 2,
LX TREE #01,Versa-Stand,,,Winch Up Lighting Stand,False,False,,LX,Store 1,
LX TREE #02,Versa-Stand,,,Winch Up Lighting Stand,False,False,,LX,Store 1,
LX TREE #03,Versa-Stand,,,Winch Up Lighting Stand,False,False,,LX,Store 1,
LX TREE #04,Versa-Stand,,,Winch Up Lighting Stand,False,False,,LX,Store 1,
LX TREE #05,Versa-Stand,,,Winch Up Lighting Stand,False,False,,LX,Store 1,
AURORA#01,Lumenradio,Aurora,MAURA100000710,,False,False,,LX,Store 1,
AURORA#02,Lumenradio,Aurora,MAURA100000707,,False,False,,LX,Store 1,
AURORA#03,Lumenradio,Aurora,MAURA100000648,,False,False,,LX,Store 1,
AURORA#04,Lumenradio,Aurora,MAURA100000981,,False,False,,LX,Store 1,
DMX RECORDER #01,,XRC-200,2304738,,False,False,,LX,Store 1,
MOONLITE WDMX #01,Lumenradio,MoonLite,JMRFO000000087,,False,False,,LX,Store 1,
C451#01,AKG,C451,,,False,False,,AX,Store,
C451#02,AKG,C451,,,False,False,,AX,Store,
C451#03,AKG,C451,,,False,False,,AX,Store,
C451#04,AKG,C451,,,False,False,,AX,Store,
C451#05,AKG,C451,,,False,False,,AX,Store,
C451#06,AKG,C451,,,False,False,,AX,Store,
C451#07,AKG,C451,,,False,False,,AX,Store,
C451#08,AKG,C451,,,False,False,,AX,Store,
C451#09,AKG,C451,,,False,False,,AX,Store,
C451#10,AKG,C451,,,False,False,,AX,Store,
KM184#01,Neumann,KM184,,,False,False,,AX,Store,
KM184#02,Neumann,KM184,,,False,False,,AX,Store,
KM184#03,Neumann,KM184,,,False,False,,AX,Store,
KM184#04,Neumann,KM184,,,False,False,,AX,Store,
TRIM-TWO#01,Radial Engineering,Trim-two,,Stereo DI with Level Control,False,False,,AX,Store,
TRIM-TWO#02,Radial Engineering,Trim-two,,Stereo DI with Level Control,False,False,,AX,Store,
J48M#01,Radial Engineering,J48 Mono,,Phantom Powered Active Direct Box,False,False,,AX,Store,
J48M#02,Radial Engineering,J48 Mono,,Phantom Powered Active Direct Box,False,False,,AX,Store,
J48M#03,Radial Engineering,J48 Mono,,Phantom Powered Active Direct Box,False,False,,AX,Store,
J48M#04,Radial Engineering,J48 Mono,,Phantom Powered Active Direct Box,False,False,,AX,Store,
J48M#05,Radial Engineering,J48 Mono,,Phantom Powered Active Direct Box,False,False,,AX,Store,
J48M#06,Radial Engineering,J48 Mono,,Phantom Powered Active Direct Box,False,False,,AX,Store,
J48M#07,Radial Engineering,J48 Mono,,Phantom Powered Active Direct Box,False,False,,AX,Store,
J48M#08,Radial Engineering,J48 Mono,,Phantom Powered Active Direct Box,False,False,,AX,Store,
J48M#09,Radial Engineering,J48 Mono,,Phantom Powered Active Direct Box,False,False,,AX,Store,
J48M#10,Radial Engineering,J48 Mono,,Phantom Powered Active Direct Box,False,False,,AX,Store,
J48S#01,Radial Engineering,J48 Stereo,,Phantom Powered Active Direct Box,False,False,,AX,Store,
J48S#02,Radial Engineering,J48 Stereo,,Phantom Powered Active Direct Box,False,False,,AX,Store,
J48S#03,Radial Engineering,J48 Stereo,,Phantom Powered Active Direct Box,False,False,,AX,Store,
J48S#04,Radial Engineering,J48 Stereo,,Phantom Powered Active Direct Box,False,False,,AX,Store,
J48S#05,Radial Engineering,J48 Stereo,,Phantom Powered Active Direct Box,False,False,,AX,Store,
J48S#06,Radial Engineering,J48 Stereo,,Phantom Powered Active Direct Box,False,False,,AX,Store,
USB-PRO#01,Radial Engineering,USB-Pro,,,False,False,,AX,Store,
USB-PRO#02,Radial Engineering,USB-Pro,,,False,False,,AX,Store,
USB-PRO#03,Radial Engineering,USB-Pro,,,False,False,,AX,Store,
USB-PRO#04,Radial Engineering,USB-Pro,,,False,False,,AX,Store,
DN100#01,Klark Teknik,DN100,,,False,False,,AX,Store,
DN100#02,Klark Teknik,DN100,,,False,False,,AX,Store,
DN100#03,Klark Teknik,DN100,,,False,False,,AX,Store,
DN100#04,Klark Teknik,DN100,,,False,False,,AX,Store,
DN100#05,Klark Teknik,DN100,,,False,False,,AX,Store,
DN200#01,Klark Teknik,DN200,,,False,False,,AX,Store,
DN200#02,Klark Teknik,DN200,,,False,False,,AX,Store,
DN200#03,Klark Teknik,DN200,,,False,False,,AX,Store,
"75""#01",Samsung,,,,False,False,,VX,Store,
"75""#02",Samsung,,,,False,False,,VX,Store,
"75""#03",Samsung,LH75QMCEBGCXXS,0R3KHNIXA00066,"75"" Crystal UHD Signage",False,False,,VX,Store,
"75""#04",Samsung,LH75QMCEBGCXXS,0R3KHNIXA00086,"75"" Crystal UHD Signage",False,False,,VX,Store,
"75""#05",Samsung,LH75QMCEBGCXXS,,"75"" Crystal UHD Signage",False,False,,VX,Store,
"75""#06",Samsung,LH75QMCEBGCXXS,,"75"" Crystal UHD Signage",False,False,,VX,Store,
QM85C#01,Samsung,LH85QMCEBGCXXS,0R3NHNIX600093,"85"" Crystal UHD Signage",False,False,,VX,Store,
QM85C#02,Samsung,LH85QMCEBGCXXS,,"85"" Crystal UHD Signage",False,False,,VX,Store,
QM85C#03,Samsung,LH85QMCEBGCXXS,0R3NHNIX600095K,"85"" Crystal UHD Signage",False,False,,VX,Store,
QM85C#04,Samsung,LH85QMCEBGCXXS,,"85"" Crystal UHD Signage",False,False,,VX,Store,
"65""#01",Samsung,UN65TU8000F,09L33CUN401008N,"65"" Crystal UHD 4K Smart TV (2020)",False,False,,VX,Store,
"65""#02",Samsung,UN65TU8000F,09L33CNNC02432R,"65"" Crystal UHD 4K Smart TV (2020)",False,False,,VX,Store,
